design_id,Efficiency,Massflow,Compression_ratio,Omega,P,CoordinateX_mean,CoordinateX_std,CoordinateX_min,CoordinateX_max,CoordinateX_p25,CoordinateX_p75,CoordinateX_skew,CoordinateX_kurt,CoordinateY_mean,CoordinateY_std,CoordinateY_min,CoordinateY_max,CoordinateY_p25,CoordinateY_p75,CoordinateY_skew,CoordinateY_kurt,CoordinateZ_mean,CoordinateZ_std,CoordinateZ_min,CoordinateZ_max,CoordinateZ_p25,CoordinateZ_p75,CoordinateZ_skew,CoordinateZ_kurt,NormalsX_mean,NormalsX_std,NormalsX_min,NormalsX_max,NormalsX_p25,NormalsX_p75,NormalsX_skew,NormalsX_kurt,NormalsY_mean,NormalsY_std,NormalsY_min,NormalsY_max,NormalsY_p25,NormalsY_p75,NormalsY_skew,NormalsY_kurt,NormalsZ_mean,NormalsZ_std,NormalsZ_min,NormalsZ_max,NormalsZ_p25,NormalsZ_p75,NormalsZ_skew,NormalsZ_kurt,Pressure_mean,Pressure_std,Pressure_min,Pressure_max,Pressure_p25,Pressure_p75,Pressure_skew,Pressure_kurt,Density_mean,Density_std,Density_min,Density_max,Density_p25,Density_p75,Density_skew,Density_kurt,Temperature_mean,Temperature_std,Temperature_min,Temperature_max,Temperature_p25,Temperature_p75,Temperature_skew,Temperature_kurt
1,0.9211068,19.676746,1.988627,1623.046199360876,358938.10429016984,0.019808301151476925,0.012894060691399832,-0.0016682724509710718,0.04426044949920764,0.007981793064270012,0.03190185576229903,0.1812250966782145,-1.2234549250681506,0.2206661136851896,0.028115508452132093,0.17610540981736736,0.2508573365074554,0.18876361201598302,0.24733662385816382,-0.3077865667227647,-1.629386115990926,-0.0012746113317311605,0.016634446236070067,-0.026894089017863422,0.025123674439534036,-0.01776440836562758,0.013509890932307558,-0.05483183750532179,-1.4485967981018895,0.03785455635307701,0.6331307754276205,-0.9968217166617085,0.9997721654372749,-0.5964635590480756,0.6485238624898743,-0.14705566672561207,-1.4176660258708984,0.3900215393934053,0.4219911898935691,-0.23125220383615377,0.9997355990861155,0.001120679069451858,0.8539079892958064,0.2567057543017088,-1.5511655389940333,-0.023053450541465084,0.5193314024343643,-0.9999236372837194,0.9987446766462783,-0.5206690632989397,0.4937838631716693,0.08985046575960093,-1.3370803249404775,107323.59319254261,32173.169980265,10493.735508394515,265943.74770914426,80478.15995921982,140643.63522265662,0.3846049416994204,1.0825737197148484,1.06946963298643,0.31387140498335264,0.10441793800145317,2.3744792597474995,0.7885040714046024,1.3480997603375624,0.2150727561150597,-0.32385009949496085,360.2254298092127,18.964242821224893,317.32138776677283,387.96130733500536,332.6732395099539,362.93630225026715,-0.10636346509149314,-1.3998988476722984
30,0.92100054,19.678022,1.9882089,1623.046199360876,358938.10429016984,0.019808301151476925,0.012894060691399832,-0.0016682724509710718,0.04426044949920764,0.007981793064270012,0.03190185576229903,0.1812250966782145,-1.2234549250681506,0.2206661136851896,0.028115508452132093,0.17610540981736736,0.2508573365074554,0.18876361201598302,0.24733662385816382,-0.3077865667227647,-1.629386115990926,-0.0012746113317311605,0.016634446236070067,-0.026894089017863422,0.025123674439534036,-0.01765428509525845,0.013509890932307558,-0.05483183750532179,-1.4485967981018895,0.03785455635307701,0.6331307754276205,-0.9968217166617085,0.9997721654372749,-0.5964635590480756,0.6485238624898743,-0.14705566672561207,-1.4176660258708984,0.3900215393934053,0.4219911898935691,-0.23125220383615377,0.9997355990861155,0.001120679069451858,0.8539079892958064,0.2567057543017088,-1.5511655389940333,-0.023053450541465084,0.5193314024343643,-0.9999236372837194,0.9987446766462783,-0.5206690632989397,0.4937838631716693,0.08985046575960093,-1.3370803249404775,107323.59319254261,32173.169980265,10493.735508394515,265943.74770914426,80478.15995921982,140643.63522265662,0.3846049416994204,1.0825737197148484,1.06946963298643,0.31387140498335264,0.10441793800145317,2.3744792597474995,0.7885040714046024,1.3480997603375624,0.2150727561150597,-0.32385009949496085,360.2254298092127,18.964242821224893,317.32138776677283,387.96130733500536,332.6732395099539,362.93630225026715,-0.10636346509149314,-1.3998988476722984
16,0.92072344,19.740908,1.991677,1623.046199360876,358938.1305735103,0.019808301151476925,0.012901356971857831,-0.0016680055597827002,0.04425420568402922,0.007985959125757074,0.031829949784117725,0.1812250966782145,-1.2234984080705857,0.2206684842985193,0.02811550049946072,0.17610607169274364,0.2508574398434016,0.18876554499614145,0.24733938457913865,-0.30778661146166514,-1.629386115990926,-0.001274626166321107,0.016628960926888665,-0.026894442627901596,0.0251234612666739,-0.01765428509525845,0.01351023542102329,-0.05483183750532179,-1.4485967981018895,0.037854362786822346,0.6331555521625114,-0.996821748822621,0.9998465703608989,-0.5954195081089495,0.6485368404969226,-0.14705566672561207,-1.4176660349533274,0.3900215393934053,0.4219911899095262,-0.23123666823066255,0.9997096509916186,0.001120679069451858,0.8539079892958064,0.2565183100122093,-1.5511655389940333,-0.023053450541465084,0.519254782742055,-0.9999065279544668,0.9987446644650475,-0.520518674370561,0.49377627311101097,0.08985046575960093,-1.336928584576477,107154.3318488873,32173.169980265,21420.86703387394,265943.74770914426,80478.15995921982,140643.63522265662,0.3846168420498708,1.0825363931086416,1.0705724346334866,0.3113168159421953,0.10448243434625723,2.3744792597474995,0.7885040714046024,1.3482824044311537,0.2150727561150597,-0.3267640291476799,360.2254298092127,18.964242821224893,317.32032470809924,387.96130733500536,332.87077520787,362.93536939100443,-0.10716381092406695,-1.396493185318993
80,0.9205349,19.746162,1.9918934,1623.046199360876,358938.10429016984,0.019808301151476925,0.012894060691399832,-0.0016680059973318013,0.04426044949920764,0.007985959125757074,0.03183566821963071,0.1812250966782145,-1.2234984080705857,0.2206661136851896,0.02811550049946072,0.17610605999323986,0.2508574398434016,0.18876361201598302,0.2473394511613377,-0.30778661146166514,-1.629386115990926,-0.0012746113317311605,0.01663724867694782,-0.02689370560495807,0.0251237319874642,-0.01765428509525845,0.013510241102219156,-0.05483183750532179,-1.4485967981018895,0.037844442413582376,0.6331555521625114,-0.996821748822621,0.9997760615596407,-0.5954495186765575,0.6485369988014795,-0.14705566672561207,-1.4176660258708984,0.3900215393934053,0.4219911898935691,-0.23125220383615377,0.9997096509916186,0.001120679069451858,0.8539079892958064,0.2567057543017088,-1.5511655389940333,-0.023053450541465084,0.5193314024343643,-0.9999063014589623,0.9987448595492884,-0.5192525478609019,0.4937838631716693,0.08985046575960093,-1.336928584576477,107330.83727161509,32173.169980265,21328.47709060523,265943.74770914426,80478.15995921982,140643.63522265662,0.3846049416994204,1.0825312967585627,1.06946963298643,0.3113168159421953,0.10441793800145317,2.3744792597474995,0.7885040714046024,1.3480997603375624,0.2150727561150597,-0.3267728132649355,360.2254298092127,18.964242821224893,317.31993632628473,387.96130733500536,332.87077520787,362.93536939100443,-0.10716381092406695,-1.3993814968381262
87,0.9202273,19.775375,1.9929012,1623.046199360876,358938.10429016984,0.019808301151476925,0.012894060691399832,-0.0016682744073710518,0.04425491279813411,0.007981793064270012,0.03190185576229903,0.1805694768231795,-1.2234549250681506,0.2206661136851896,0.028115508452132093,0.17610540981736736,0.2508573430858091,0.18876246510279954,0.24733662385816382,-0.3077865667227647,-1.6293861299851897,-0.0012746113317311605,0.016634446236070067,-0.026895907920287985,0.025123674439534036,-0.017779362138634656,0.013509890932307558,-0.05483183750532179,-1.4492340526316092,0.03785455635307701,0.6331307754276205,-0.9968217166617085,0.9997721654372749,-0.5974170504823666,0.6485240513657665,-0.1470485984124678,-1.4176660092909157,0.3900215393934053,0.4219911898935691,-0.24818738417042482,0.9997357305199899,0.001120679069451858,0.8539079892958064,0.2622845100478851,-1.5511655389940333,-0.023053450541465084,0.5193553661295022,-0.9999236372837194,0.9987573689173295,-0.5206690632989397,0.49371396455511213,0.07602909162539838,-1.3370803249404775,107323.59319254261,32173.178508699268,10559.935246164569,266074.6138934668,79718.38591989533,140643.63522265662,0.3846049416994204,1.0825737197148484,1.06946963298643,0.31387140498335264,0.10441793800145317,2.372272765078282,0.7885040714046024,1.3480997603375624,0.2150727561150597,-0.3592871487845609,360.2254298092127,19.076587708686194,317.32138776677283,387.96130733500536,332.6732395099539,362.93630225026715,-0.10636346509149314,-1.3998988476722984
77,0.9198736,19.785511,1.9908931,1623.0527578685915,358938.10429016984,0.019808301151476925,0.012894153436313166,-0.0016682724509710718,0.04425367710640879,0.007981917053606614,0.03190185576229903,0.18002976556473138,-1.2234549250681506,0.22066604092031053,0.028115508452132093,0.17610540981736736,0.25085737765946625,0.18876361201598302,0.24733662385816382,-0.30778720238690255,-1.629386115990926,-0.0012746113317311605,0.016481656113516843,-0.026888760253616115,0.025123674439534036,-0.01765715726389911,0.013509890932307558,-0.05483087711063236,-1.4488776969513806,0.03785455635307701,0.6331307754276205,-0.9968217165296582,0.9996505191909419,-0.5964635590480756,0.6485238624858987,-0.14705571256443267,-1.4176660258708984,0.3900215452805277,0.42199118990109774,-0.2312174628386341,0.9997147340452559,0.001120679069451858,0.8536589522002355,0.2667219460403593,-1.5511649645183905,-0.023053450541465084,0.5193069772662331,-0.9998532085343498,0.9987453070473981,-0.5206689720689599,0.4935116325471482,0.07480023437371713,-1.3370788475028133,107323.59319254261,32173.169980265,10493.735508394515,265580.1094478665,80474.75340125155,140643.63522265662,0.3846049416994204,1.0825737197148484,1.06946963298643,0.31387140498335264,0.10441793800145317,2.3744792597474995,0.7886400630937904,1.3480997603375624,0.2150727561150597,-0.32715926957446184,360.1868112949465,18.964242821224893,317.5192079300575,387.96130733500536,332.6732395099539,362.93628337729194,-0.10636346509149314,-1.406260405364865
12,0.9195638,19.81279,1.9930028,1622.6999679851642,358938.1309696189,0.019808301151476925,0.01290110867117827,-0.0016680024193731528,0.04425378285777189,0.007981903380217611,0.03190063857121559,0.18003542181687737,-1.2200806415063918,0.22066849590117601,0.02811195753960692,0.17610544428391803,0.2508552583976321,0.1887655898123901,0.24733662385816382,-0.30777209840122166,-1.6293500883137144,-0.0012745614780186748,0.016483294257558356,-0.026893872048195374,0.025116323787793,-0.01765707395638343,0.013520695321346012,-0.05343182097821792,-1.448878708756623,0.0378540557572022,0.6331317470273928,-0.9968206710048911,0.9989202352470608,-0.5962619713172097,0.6485238623843962,-0.14707150167520935,-1.4176669380776494,0.3900210624214053,0.42199285948793536,-0.23083405507286373,0.9997145595429814,0.0011241478707083195,0.8560896891222984,0.2655995230361559,-1.5511649918255832,-0.02310518352725479,0.5192638691996053,-0.9998530413662429,0.9987426494833512,-0.5206673773598247,0.4935146851730046,0.07489796764690837,-1.337080482486381,107155.75229569983,32174.518041448264,10227.242946825676,265948.5247345996,78597.32082156959,140643.63522265662,0.3841746934996393,1.082885744593876,1.0816717774940554,0.3138607769626294,0.10447286738303467,2.3742992599218296,0.7850732352037014,1.3442078953075556,0.21503845740661415,-0.32711648769296536,359.7353963065095,18.958681961646693,317.50255769037784,388.6121620470956,332.6324442353985,362.9362845626861,-0.10727190034556577,-1.4064951249250206
3,0.9189698,19.842293,1.9943489,1622.6999679851642,358938.1309696189,0.019808622813481322,0.01290110867117827,-0.0016680024193731528,0.044256108581379155,0.007982006267650731,0.03190056709065231,0.1800288952741805,-1.2200806415063918,0.22066849590117601,0.02811195753960692,0.17610544428391803,0.2508554405062905,0.1887655898123901,0.24733964056232305,-0.3077726402104055,-1.6293500883137144,-0.0012745663691200843,0.016504675399707746,-0.026893872048195374,0.025116323787793,-0.01765707395638343,0.013520695321346012,-0.05343182097821792,-1.447922907723068,0.03785586282884756,0.6331317470273928,-0.996820969174208,0.9989374999295398,-0.6026506877456029,0.6485238623843962,-0.14707150167520935,-1.4173960494234843,0.3900210624214053,0.42199285948793536,-0.2310395549828929,0.9997407449718599,0.0011241478707083195,0.8560896891222984,0.2622301842441169,-1.5511649918255832,-0.02324212294861564,0.5192638691996053,-0.9998530413662429,0.9987559297928013,-0.5199918444782003,0.493714940570418,0.07489796764690837,-1.337080482486381,107155.75229569983,32170.232077930028,10227.242946825676,265989.33986795926,78597.32082156959,140643.63522265662,0.3841746934996393,1.082885744593876,1.0699299893185101,0.31386072584394586,0.10447286738303467,2.3742592422953104,0.7850732352037014,1.3442065849748004,0.21503845740661415,-0.3279938339950461,359.7353963065095,18.958681961646693,317.4765350169873,388.62299284029115,332.6324442353985,362.9362845626861,-0.10714050812534273,-1.4064951249250206
17,0.9186154,19.894928,1.9970057,1622.6999679851642,358938.1309696189,0.01980780649239793,0.012901145698729763,-0.0016680018214503278,0.04425371302569043,0.007981903380217611,0.03190167397260693,0.18004514171097283,-1.2200696890489036,0.22066849590117601,0.028112236330039477,0.17610544428391803,0.2508552583976321,0.1887655898123901,0.24734184748885774,-0.30780251090557853,-1.6293500883137144,-0.001274747170029405,0.016481793034179546,-0.026893319219718843,0.025119910937601218,-0.01771940704834158,0.013520181377738548,-0.05343182097821792,-1.448878708756623,0.037854335327714775,0.6331317470273928,-0.9968206710048911,0.9988911221662694,-0.5962619713172097,0.6485238571059158,-0.14707150167520935,-1.4176669380776494,0.3900210624214053,0.42199285948793536,-0.23083405507286373,0.9997145595429814,0.0012694832793053122,0.8560896891222984,0.2655995230361559,-1.5509088876181623,-0.023100489687873486,0.5197830207247202,-0.9998550507132343,0.9987426494833512,-0.5206673773598247,0.49351736014660275,0.07489796764690837,-1.337080482486381,107155.75229569983,32174.41910163779,21014.144472191205,265948.5247345996,78597.32082156959,140643.63522265662,0.3841746934996393,1.082885744593876,1.0816717774940554,0.3138607769626294,0.10447283957211492,2.3742992599218296,0.7851399646918877,1.343202102601041,0.21503849702283126,-0.32708184076651736,359.7353963065095,18.958681961646693,317.50255769037784,388.6210333380067,332.6324442353985,362.9362845626861,-0.107135406450645,-1.4068067130371693
44,0.9181442,19.936491,1.9987601,1620.7934786759208,358944.1970397878,0.0197825054345881,0.012901114361891121,-0.0016699731161762435,0.04425399919171822,0.007981590116315914,0.03190185576229903,0.17997376998187564,-1.2200588976767488,0.22066604092031053,0.02811062116969367,0.17610608866607974,0.2508554037234038,0.18876443834912926,0.2474475413231597,-0.3078016182018136,-1.6293940827516686,-0.0012750762848776028,0.016651795733223788,-0.02689450454000408,0.025119400264119858,-0.01765409278474838,0.013535739669932517,-0.05353093656085874,-1.449285709644749,0.03785444668079554,0.6331522515307213,-0.9968204344815148,0.9999222976798294,-0.6026013140185259,0.6485239482378643,-0.1469902529527869,-1.4176660258708984,0.39003939126283654,0.42205564111590627,-0.2312202678250371,0.9997413655877098,0.001120679069451858,0.8538237732550282,0.2667218937559474,-1.5512588356434214,-0.023053585073869107,0.5193069772662331,-0.9999220117517095,0.9987445240875309,-0.521280387041795,0.4937567051671734,0.06979119670226606,-1.3370802402370374,107155.56034651776,32173.592343113454,22139.14102939326,265580.1040734759,80088.35072473905,140343.9303424878,0.3966599633278515,1.078243484534594,1.0694082864304133,0.310807820710048,0.10437296305145524,2.3723608962106506,0.7856633536895646,1.3487234875590963,0.21504275971013195,-0.3674678404382429,359.7774710645891,19.245783554861074,317.9061682981387,387.6802776355735,333.6694099588362,363.6012738103912,-0.10713668917432477,-1.4003772208760712
82,0.9176203,19.96345,2.0009944,1624.8064841691116,358832.0391319849,0.019783069776201034,0.012900305969522977,-0.0016677537223883502,0.04425399489789438,0.007981590116315914,0.03190185576229903,0.17997376998187564,-1.2200588976767488,0.22066604092031053,0.028108482205356385,0.17610606620391475,0.2508553784899334,0.1887665424838219,0.2474475413231597,-0.3078016182018136,-1.629394610077669,-0.0012750762848776028,0.016651795733223788,-0.02689450454000408,0.025119400264119858,-0.01772304956395717,0.013520301638076855,-0.05353093656085874,-1.4488776969513806,0.03785444668079554,0.6331522515307213,-0.9968230658844731,0.9996522572976932,-0.602782278778175,0.6485239482378643,-0.1470696528892949,-1.4176660258708984,0.39003939126283654,0.42205564111590627,-0.2312174628386341,0.9997413655877098,0.001120679069451858,0.8538237732550282,0.2667219460403593,-1.5511590677927911,-0.023053585073869107,0.5193069772662331,-0.9999246701169394,0.9986976098131451,-0.5213189112054865,0.4937567051671734,0.06979119670226606,-1.3370790441082374,107323.59319254261,32173.592411184083,22139.14102939326,265580.1040734759,79803.60240191012,140643.65152249963,0.3966599633278515,1.0802956123026284,1.0694628125564283,0.31387116482158534,0.10441651763172366,2.3723608962106506,0.7886452099843143,1.3480997603375624,0.21502893038902035,-0.3674678404382429,359.7774710645891,19.244568820539367,317.89034594627344,388.34610560321704,333.6694099588362,363.6012738103912,-0.10713668917432477,-1.404072573068776
68,0.9175803,19.966738,2.001337,1624.8064841691116,358944.1970397878,0.019783069776201034,0.012900305969522977,-0.0016677537223883502,0.04425399489789438,0.007981590116315914,0.03190185576229903,0.17997376998187564,-1.2200588976767488,0.22066604092031053,0.028113415007686625,0.17610606620391475,0.2508553784899334,0.1887665424838219,0.2474475413231597,-0.3078016182018136,-1.629394610077669,-0.0012750762848776028,0.016651795733223788,-0.02689450454000408,0.025119400264119858,-0.01772304956395717,0.013520301638076855,-0.05353093656085874,-1.4488776969513806,0.03785444668079554,0.6331522515307213,-0.9968230658844731,0.9996522572976932,-0.602782278778175,0.6485239482378643,-0.1470696528892949,-1.4176660258708984,0.39003939126283654,0.42205564111590627,-0.2312174628386341,0.9997413655877098,0.001120679069451858,0.8538237732550282,0.2667219460403593,-1.5511590677927911,-0.023053585073869107,0.5193069772662331,-0.9999246701169394,0.9987379485912374,-0.5213189112054865,0.4937567051671734,0.06979119670226606,-1.3370790441082374,107323.59319254261,32173.592411184083,22139.14102939326,265580.1040734759,79803.60240191012,140643.65152249963,0.3966599633278515,1.0802956123026284,1.0694628125564283,0.31387116482158534,0.10441651763172366,2.3723608962106506,0.7886452099843143,1.3480997603375624,0.21502893038902035,-0.3674678404382429,359.7774710645891,19.244568820539367,317.89034594627344,388.34610560321704,333.6694099588362,363.6012738103912,-0.10713668917432477,-1.404072573068776
4,0.9169641,19.995995,2.0031083,1623.0527578685915,358938.4646765961,0.01980725554966138,0.012900934974587235,-0.001667982549084645,0.04425432591289465,0.007981948726996166,0.03190373647324246,0.1711327183304591,-1.2202632116728507,0.22066861903491472,0.02811171879359706,0.17610605521162837,0.2508521255160065,0.1887666141285097,0.2474437027810897,-0.3077978790801929,-1.6293627482836257,-0.001275082241984795,0.01651331001338622,-0.026892660475949442,0.02511973490904686,-0.017762524671133727,0.013508045889251828,-0.05353141720402867,-1.448917617783126,0.03785107337785144,0.633144564051249,-0.9968201382079427,0.9996649455463681,-0.6020323558119703,0.6485423639569348,-0.14706571245898015,-1.417662618931259,0.3901886518254173,0.4220073695521046,-0.22595799005150377,0.9997189019944249,0.0011324747002393588,0.8537251773881026,0.26246826457796574,-1.5511339698338957,-0.023100920680069068,0.5198389216096131,-0.9999072096718618,0.9987446549422293,-0.5220208212080572,0.4937291516198753,0.07601739720133545,-1.3364904291889212,107379.15488220323,32177.613639666466,24016.757363124834,265494.3388882623,79804.68679977409,140636.61064944242,0.3873007216450238,1.0852006580513875,1.0702060326771674,0.313858165363786,0.10431297272144748,2.3744722688106266,0.7877474912667309,1.3337875845908498,0.21553810784002386,-0.3266952092885706,359.7901007976522,19.245472046024773,317.90749381468015,388.35234536861293,332.67343590620044,363.6046262825851,-0.10726404784835036,-1.4041402567467018
22,0.91666406,20.04389,2.0140512,1779.993860529467,358937.0504609441,0.019808342162066016,0.012901115831416652,-0.001668221749988741,0.044256238762560816,0.00798148218436336,0.03191170984279099,0.17988658694707124,-1.2181163665922525,0.2206685416232966,0.02811171850413276,0.1761060547944701,0.25085544145205046,0.1887635778936287,0.24741723318705908,-0.3078293167682227,-1.6293662015472974,-0.0012750829078335547,0.016650466668244764,-0.026878966136023228,0.02511973341432154,-0.017653518490774102,0.013519804405473056,-0.0535088675790103,-1.4486534645096854,0.03785060030262156,0.6331562309293253,-0.9968204360129672,0.9997149735257546,-0.6019786289341943,0.648536560962694,-0.1470634716372808,-1.4177043490331254,0.3901619809578635,0.4219911928984255,-0.23070805356712037,0.9997372633398022,4.5745018761715194e-05,0.8535248312780654,0.26300310071812644,-1.5511643607469057,-0.023268684529311544,0.519757267569657,-0.9998620415812373,0.9987448425896238,-0.5200690361252069,0.49373171860287657,0.07734487949362814,-1.336918962930109,106939.86935894357,32172.941756107757,21593.675032590178,265569.8156898854,79737.9312321462,140636.26276149607,0.386870581454261,1.0333456193554218,1.0702026270784752,0.3113844654403814,0.10431055638877904,2.3744789617805324,0.784425578242439,1.3554630604013866,0.21508170303791874,-0.3265647725528618,359.779608866866,19.25024565132727,317.917958299224,388.3532275648752,332.61854854773856,362.9302386468256,-0.10726354085142051,-1.400299028167194
98,0.9163174,20.053894,2.0158558,1779.993860529467,358938.8596317474,0.019808342162066016,0.01290022619229907,-0.0016682179569033227,0.044256238762560816,0.007981246359136565,0.031911747680567766,0.17988658694707124,-1.2181163665922525,0.2206685416232966,0.02811171850413276,0.1761266586176484,0.25085544145205046,0.1887635778936287,0.24744356500611844,-0.30784277518848646,-1.629362922908583,-0.0012750829078335547,0.016650466668244764,-0.026878966136023228,0.02511973341432154,-0.017653518490774102,0.01351974167550843,-0.05350899319582571,-1.4486534645096854,0.03785060030262156,0.6331562309293253,-0.9968127774885381,0.9997154597980146,-0.6019786289341943,0.648536560962694,-0.147063472446686,-1.4176752260475052,0.39018006180411846,0.42199136915796404,-0.23070805356712037,0.9997414459808952,0.00015369495598479006,0.8534626536703849,0.26300310071812644,-1.5511643607469057,-0.023268684529311544,0.5194796585914488,-0.9998620415812373,0.9987467126140012,-0.5200690361252069,0.4937312100576107,0.07734487949362814,-1.336918962930109,107127.7998858805,32172.72821779699,21593.671855628665,265570.88004576607,80010.06340141916,140636.26276149607,0.38373059228835654,1.0333456193554218,1.0702043802376038,0.3113844654403814,0.10431055638877904,2.374532732486498,0.784425578242439,1.3554630604013866,0.21508170303791874,-0.35950611924273773,360.17707340637435,19.266655134315762,317.91809583394604,388.3532275648752,332.61854854773856,362.9302386468256,-0.10726354085142051,-1.400299028167194
83,0.91629225,20.07489,2.0157053,1777.2731004974044,358937.2137535391,0.019807773757046534,0.012901145882381428,-0.001667993151577752,0.04426040935079194,0.007985953164679165,0.031834970602614795,0.17998000744446546,-1.2235605587067802,0.2206685601719393,0.02811540645102166,0.1761060604444866,0.25085748647057726,0.18876304640470334,0.24743817530800044,-0.30779194730115134,-1.6293849704432775,-0.001275049070412952,0.016637136485288227,-0.026893711585526822,0.025119745346181818,-0.017721842082602995,0.013520141354645023,-0.053447265519948814,-1.4486018189128484,0.03784449495955525,0.6331562112373933,-0.9968180680138458,0.999732733471737,-0.6023070463749459,0.648537005665242,-0.1471498932052626,-1.4176660255462668,0.39002862310783676,0.4219382470825559,-0.2308377688447952,0.999709651286438,0.0011207866281817075,0.8538764932033861,0.25732462307079373,-1.551156854154626,-0.023053311636958642,0.5197559748057275,-0.9999065180135811,0.998744861327142,-0.5188564125708747,0.49374537100680943,0.07479568086759876,-1.3369336664021987,107306.56600833999,32173.844882394013,20983.90397884172,265952.0045928667,79768.07381309768,140644.2088824812,0.38706824568954645,1.0828988103328108,1.0695055742079558,0.31139070975822675,0.10437358536226395,2.374971220920619,0.7881617635110639,1.3436984041392672,0.215117596331732,-0.32677274797946515,359.7774495549664,19.281502807621933,317.3204650738985,387.96659719367113,332.6759152749023,362.93532715258476,-0.10713512780368371,-1.3993835353215323
58,0.9157624,20.084354,2.0180824,1796.26082990498,358849.1266731169,0.019808301151476925,0.01290134310431283,-0.001666207909200624,0.044260640379736683,0.00798177939088101,0.03189521188792591,0.1812307529306252,-1.2200282511405853,0.22066591164387225,0.028111842589006366,0.17610594802045346,0.2508552585741098,0.1887655898123901,0.24745204592491077,-0.30777141190696367,-1.6293482689987056,-0.0012748599899245273,0.0165068361388544,-0.026646703234224193,0.025119447407869366,-0.017775129669326904,0.013519448805613588,-0.05488118958961694,-1.4495583043620024,0.03785442091811991,0.6331344799057075,-0.9968192882281309,0.9997689422252134,-0.6020626405897154,0.6485271442261857,-0.14707145889181722,-1.4176660481657122,0.39019351385342727,0.4220398645295499,-0.2308687960703834,0.9997354245838409,0.001120679069451858,0.853909387014118,0.26539082088078164,-1.5465080523359533,-0.023105678156330103,0.5197934902137442,-0.9999180739430573,0.9988973463010355,-0.5194364746451506,0.49376253708042217,0.07735152957564458,-1.3370779706454472,107155.75229569983,32174.470587127307,21175.088776310466,266088.1779094037,79738.59564187765,140643.62675895417,0.3962783470824073,1.0695706125867375,1.0705880020291056,0.3115758310285486,0.10429282687744942,2.3691112973043356,0.7874643510887203,1.3438334235803293,0.20364985046553602,-0.32380731761346443,359.6909379977106,19.113383396826162,317.96492941302455,387.67971372618,332.6732371043751,363.2303737672179,-0.1072635358459978,-1.4001328593086413
54,0.9154074,20.102232,2.0178263,1777.1147873485845,358905.4126278208,0.019779053371750312,0.012899691282181755,-0.001668001718315352,0.0442602379651515,0.007981766787304095,0.031901663606223984,0.17946787527577665,-1.2203290875943618,0.22066832316936646,0.02811222777284141,0.17610544685056903,0.2508550455291494,0.18876572846891934,0.2474334670624146,-0.3078020279831451,-1.6293634432290345,-0.0012747577524298047,0.01651009698504404,-0.026893310176932913,0.02511973665803934,-0.017720077263642164,0.013520166125631276,-0.05496945071655023,-1.4485997848479875,0.03785432229991753,0.6331556580941232,-0.9968206751469422,0.9997646357754896,-0.6019310905036027,0.6485238569807147,-0.14707137900383943,-1.417651512211014,0.39017019067831654,0.4219910895934814,-0.23121389917364926,0.9997353659191657,0.0012676592024125244,0.856365112587519,0.26302529982934747,-1.5509119174755603,-0.023100650827586718,0.5197791462881144,-0.9999065454942324,0.9987446560991304,-0.5206679467031201,0.49375226302087155,0.07648220634053485,-1.3364962852615276,107159.69122830658,32173.67620466931,21139.736886543164,267238.7999498278,79731.70634572335,140651.42075780555,0.38412967281580085,1.083180814662742,1.0705095001282199,0.3138608200364796,0.10447833949594382,2.3749629151348035,0.7822120999152156,1.3432056533417494,0.21509341700690282,-0.3270806128648373,359.77963760473216,19.288815031752808,317.92164206120674,387.93458640319,332.6734355722383,362.9384931468717,-0.10713371281713925,-1.4039910321608904
94,0.91524947,20.129446,2.01837,1785.8003624989635,358937.2137535391,0.01980793811124038,0.012901141872290956,-0.001667994942965713,0.0442542147662569,0.00798602995842233,0.031835613577623066,0.17998300624965421,-1.2197182238608415,0.22066855138545285,0.02811418387275211,0.1761060877541823,0.25085495084952936,0.1887630312045299,0.24743816811711006,-0.30779185525127367,-1.6293661853604582,-0.0012750649214983193,0.016639718837880315,-0.026876895162965472,0.025116658058604246,-0.017655246628127317,0.013519802962199646,-0.054881109207705156,-1.446196185940744,0.03785467964998079,0.6331284122966688,-0.9968179060366459,0.9997295335176218,-0.6023070463749459,0.6485167739234042,-0.14706604557809685,-1.4176605806388742,0.390503318632146,0.422696162903303,-0.2308911510064922,0.9997180457965033,0.0011395719891550704,0.8532779300562066,0.26671842749197405,-1.55122212452597,-0.023070001385607473,0.5197792686875066,-0.999923814985499,0.9987448592905372,-0.5171807065621462,0.49372047249438106,0.06924329258433291,-1.336933637172871,107155.89006357384,32173.900344987513,21004.310583112976,265537.25445413747,79732.41355286635,140466.46301951582,0.38733802437612885,1.0802023317683562,1.070429376173346,0.31138816216164705,0.10437439557354848,2.382480868774939,0.784425040620697,1.3439239741715392,0.21511893911970892,-0.3267382835331633,359.7775500968004,19.262734979724513,317.29887669624367,388.31102754727135,332.6732913718314,363.0692111969927,-0.1072612172571487,-1.4000969725378845
33,0.9149551,20.132029,2.021908,1791.8643222948215,358947.9719335796,0.019783069776201034,0.012900305969522977,-0.0016677537223883502,0.04425399489789438,0.007981588593887094,0.03190185576229903,0.17997376998187564,-1.2200588976767488,0.2206685334820858,0.028117917023081557,0.17610606620391475,0.2508551033165789,0.1887664911133409,0.2474475413231597,-0.3078016182018136,-1.629394610077669,-0.0012750762848776028,0.016630527295555034,-0.02689450454000408,0.025119400264119858,-0.01772304956395717,0.013520301638076855,-0.053400026414787104,-1.4488776969513806,0.03785444668079554,0.6331522515307213,-0.9968230658844731,0.9996528877212308,-0.6030198264846194,0.6485461082965792,-0.14704519869405305,-1.4176660258708984,0.39002295697002093,0.42205564111590627,-0.23647517819941063,0.9997414233204603,0.001120679069451858,0.8535644901973494,0.26565982235141505,-1.5511590677927911,-0.023053585073869107,0.5201712221449842,-0.9999246701169394,0.9987379485912374,-0.5206377185448341,0.4937567051671734,0.0749444611339937,-1.3370788175606019,107323.30106284,32173.592411184083,21868.70674662224,266710.47779943,79655.67069992016,140643.65152249963,0.3973789782548845,1.0796332560187643,1.0699610201959775,0.3138618622471441,0.10441651763172366,2.3723608962106506,0.7886452099843143,1.3398660279093286,0.21502893038902035,-0.3674678404382429,359.80845401200224,19.244568820539367,317.89034594627344,388.34610560321704,333.2506279868041,363.6012738103912,-0.10713479813269311,-1.404072573068776
56,0.914261,20.165398,2.0203197,1795.0059367678666,358937.2137535391,0.019807798933518726,0.012893977206655093,-0.001667993151577752,0.044256213559571614,0.007986982137694436,0.03183494957264419,0.18052925150228466,-1.2200643909747202,0.2206685601719393,0.028110794559199324,0.17610603523915017,0.2508562663818793,0.18876304640470334,0.24743816811711006,-0.3078084722390291,-1.6293859132039539,-0.0012750510150982704,0.016638530782446544,-0.02689301080591877,0.025119746531459212,-0.017718696602285117,0.013520106356357291,-0.053447265519948814,-1.4486018189128484,0.03784449655537386,0.6331316101692422,-0.9968217780576785,0.999732733471737,-0.6023070463749459,0.648536613114571,-0.1471498932052626,-1.4176660345799894,0.3900210557629293,0.4219378149629114,-0.23058782246779502,0.9997355139707504,0.001143546394354331,0.8539117937456469,0.2620307499818113,-1.551156854154626,-0.02305187473427576,0.5197559748057275,-0.9999065180135811,0.9987448623602072,-0.47711183847527,0.49374461873017017,0.07479568086759876,-1.336933403189706,107306.56600833999,32173.844882394013,20740.721055161004,265952.2254477101,79767.79544089422,140639.65336116866,0.38733310057854053,1.0828918872084912,1.070429376173346,0.3113916619056679,0.10437439557354848,2.374971220920619,0.7886036404756596,1.3436984041392672,0.215117596331732,-0.32725287718678164,359.76953355062017,19.250208811283446,317.2987196251672,388.62108735036264,332.67185017630544,362.93697910345685,-0.10634238350217601,-1.3998907452169254
69,0.91398555,20.190708,2.0203528,1785.8003624989635,358937.2137535391,0.01980793811124038,0.012901141872290956,-0.0016682261882175525,0.044256213559571614,0.007986989109387986,0.03183494957264419,0.17998000744446546,-1.2197219555357222,0.2206685601719393,0.028110794559199324,0.17610605401006788,0.25088304158618757,0.1887631264605597,0.24743816811711006,-0.30779194730115134,-1.6293662033300083,-0.0012750649214983193,0.016636786567232043,-0.026876895162965472,0.025119745346181818,-0.017718696602285117,0.013519802962199646,-0.054881109207705156,-1.4486018189128484,0.03784448212795089,0.6331562112373933,-0.9968178068784332,0.9997241234361977,-0.6023070463749459,0.648536613114571,-0.14714975795213514,-1.4176660405259633,0.390503318632146,0.422696162903303,-0.23111064787206917,0.9997369528902097,0.0011436119611622528,0.8557925673462341,0.26564781095059986,-1.5511624375425057,-0.023052253337372743,0.5197559748057275,-0.9999065180135811,0.998744861327142,-0.47711183847527,0.49373187485891207,0.06924329258433291,-1.3369347673571386,107306.56600833999,32173.844882394013,21004.310583112976,265526.54747274594,79846.70452476479,140466.17248049294,0.38733310057854053,1.0802023317683562,1.070429376173346,0.31138816216164705,0.10437439557354848,2.3749721375990243,0.784425040620697,1.3558688261595178,0.215117596331732,-0.3267382835331633,359.7774495549664,19.250208811283446,317.29868146489446,388.33046222076837,332.6720563695751,363.06925593293874,-0.10713435335163213,-1.3996418230183176
90,0.91354114,20.197111,2.0276172,1786.6475068351792,358943.73165163776,0.01980793811124038,0.01290115237185507,-0.0016679977842845202,0.044254126796419435,0.007986022650710224,0.03183557500178673,0.17983784536752107,-1.2201121332782672,0.22066861772968285,0.028115616741396843,0.17610594754378242,0.25085539684508906,0.18876661688957058,0.2474373683549592,-0.3077906122917626,-1.6293863721600286,-0.001274745944191072,0.01648347306267739,-0.026893681465075855,0.025116627658122306,-0.01776165651743033,0.013536336146177148,-0.06168935845733478,-1.4492822496217257,0.037856488831242735,0.6331560746760018,-0.996789130145916,0.9997560798632293,-0.6025458602586272,0.648554124400263,-0.1471465574342723,-1.4176546098407163,0.39063805471203966,0.4219928620463789,-0.23252327967400868,0.9997143800510052,0.001163434601777808,0.8764836122266725,0.2667068959108459,-1.5512510894607963,-0.023110139647408517,0.5192685453250211,-0.9999034562906236,0.9989131593012194,-0.516784819414579,0.49368137086454045,0.07611580170388607,-1.3370811544399661,107139.08305301615,32163.185182721445,21110.54780996737,266762.7962528099,79950.38452728692,140660.7531373066,0.39474788194878685,1.0828727500437778,1.069363064754316,0.31133737648874804,0.09378298267268148,2.374262645148558,0.7856831386360846,1.3559881670248901,0.21466239595659445,-0.33115114562109615,359.78978257335484,19.29247130961755,317.49989459584907,398.81584665169004,332.619636476125,363.07015598182187,-0.10728156246716888,-1.4082798849868485
48,0.91347784,20.21887,2.022026,1785.2298386551463,358938.8703201544,0.019772499057302512,0.012900248794426484,-0.0016682261882175525,0.044254120002090586,0.007986985614953729,0.03183855788262012,0.18057346123411913,-1.2202796011464783,0.2206685601719393,0.028110794559199324,0.17610605401006788,0.25088304158618757,0.1887631264605597,0.24743816656116357,-0.3077906029685184,-1.6293625119459756,-0.0012750649214983193,0.016636786567232043,-0.026876895162965472,0.025119745346181818,-0.017777759781298606,0.013520244507640304,-0.054881109207705156,-1.4486018189128484,0.03784490732372666,0.6331557018250196,-0.9968178510363526,0.9997240210327359,-0.6023070463749459,0.6485423884116944,-0.14715667351236464,-1.4176649271177648,0.390503318632146,0.42200864954996553,-0.23111064787206917,0.9997369588910597,0.0011260596349445535,0.8566942977100018,0.26579062455399366,-1.5508794032056445,-0.023056712189663355,0.5197792185891877,-0.9999035469978295,0.998744861327142,-0.4779314137157463,0.49373187485891207,0.06914138502685507,-1.336231304147602,107164.60914209182,32173.844601961395,21106.867252258875,268004.4509475431,79731.102558648,140466.17248049294,0.38733310057854053,1.079975390127596,1.0703539066071421,0.3138643894076001,0.10437439557354848,2.3723075351074225,0.7840737762026008,1.34415869483369,0.215117596331732,-0.3278620963827413,359.7773081660882,19.246032790848222,317.29868146489446,388.31034702928946,332.6635199326448,363.0736047909239,-0.10713536696491949,-1.3996418230183176
50,0.9130561,20.245886,2.0225935,1786.6475068351792,358938.404954558,0.01980793811124038,0.012901122582055889,-0.001667997986299776,0.04425412688063943,0.007986040840246938,0.03183557500178673,0.18002382828379576,-1.2200873847322646,0.22066855143116773,0.02811043441946666,0.1761060858357545,0.2508547971997534,0.18874576803020698,0.24744669958416365,-0.3077906122917626,-1.629385663542456,-0.0012750649214983193,0.016627236306737115,-0.026878335941381407,0.025116627658122306,-0.01765715705594026,0.013536063265752778,-0.05950483743882027,-1.4493071007174205,0.037844297937024964,0.6331562112373933,-0.9968175300156011,0.9997295356254777,-0.6025458602586272,0.6485368304240096,-0.14714704140896734,-1.4176626075399519,0.390039485133087,0.4219920617904916,-0.23124654159189198,0.999716097288575,0.0010991712007072541,0.8764954610042757,0.2667068959108459,-1.5512572334722106,-0.023282904107906035,0.5197789196386623,-0.9999064402565722,0.998744861327142,-0.47734644879137644,0.49369103621391275,0.06924329258433291,-1.3369380237526869,107157.3294422989,32173.844882394013,21004.752557715816,266775.786433725,79948.05344484972,140464.55673303644,0.3881397672690781,1.0263379435180928,1.0694070929868233,0.31138816216164705,0.10437439557354848,2.369097041636668,0.7856831386360846,1.356068727017032,0.21507547269027633,-0.35995119954903554,359.78195459570475,19.117763151831983,317.3311002072261,387.6736269686406,332.63298682278975,363.0744901218862,-0.1072805093225529,-1.400089842896168
95,0.9124492,20.261139,2.0276198,1780.3802153357144,358948.9092883606,0.01978411992528533,0.012900327421179414,-0.0016677093873542163,0.04425399398691195,0.007986076654055995,0.03183308135136697,0.18062207931787144,-1.2201074534753904,0.2206685271564746,0.028115846468772472,0.17610594564540777,0.2508554599523401,0.1887665267548913,0.2474387291808281,-0.30779132586317254,-1.6293852818102978,-0.001274743869180839,0.016513193617087276,-0.0268603118529649,0.025116783615525946,-0.017765732402037396,0.013535867225661573,-0.05339789852036285,-1.4492116332198206,0.03785449261687848,0.6331533869011129,-0.9968123286554287,0.999652732135879,-0.6023229219455839,0.6485369521948106,-0.14704841913091216,-1.4176647026708233,0.39003888220706256,0.42205448600653567,-0.23103608279798382,0.9997167345327785,0.0011330062058090872,0.8765354301235101,0.262290142152934,-1.5448987162870376,-0.023284447693156587,0.5197756849454899,-0.9999034297313494,0.9987583023598696,-0.47767930232282163,0.4937441280569641,0.07604219752909744,-1.336227336677632,107339.91543049458,32173.739753334845,21879.149282482726,267875.90718175087,81332.34596024727,140641.93981960168,0.397322926854062,1.0780751935004282,1.07000066299633,0.31385314407142406,0.10437160997737353,2.3722645017841497,0.7885909814109171,1.3391834458126481,0.20349718814834974,-0.3605853177652603,360.1509500641607,19.059278262810878,317.9542388091852,388.3465652125469,332.61581586200305,363.5984319239739,-0.1071416447785798,-1.4039400946994574
75,0.91230583,20.285154,2.0245502,1785.8003624989635,358937.2137535391,0.01980793811124038,0.012901141872290956,-0.001667994942965713,0.04425421491629974,0.00798602995842233,0.031835613577623066,0.17998300624965421,-1.2197219555357222,0.22066855138545285,0.02811418387275211,0.1761060877541823,0.25085497405034723,0.18876302486740487,0.24743816811711006,-0.30779185525127367,-1.6293661853604582,-0.0012750649214983193,0.01663715910311634,-0.026876895162965472,0.025119745346181818,-0.017655246628127317,0.013519802962199646,-0.054881109207705156,-1.4486018189128484,0.03784448212795089,0.6331562112373933,-0.9968178068784332,0.9997295335176218,-0.6023070463749459,0.6485366001720453,-0.14714696915028996,-1.4176660405259633,0.390503318632146,0.422696162903303,-0.23110613990157708,0.9997180457965033,0.0011393169397313097,0.8758147427507679,0.26671842749197405,-1.5511624375425057,-0.023070001385607473,0.5197786474203752,-0.9999065180135811,0.998744861327142,-0.47711183847527,0.49373187485891207,0.06924329258433291,-1.3369349296274484,107156.50260621576,32173.844882394013,21004.310583112976,265537.25445413747,79846.70452476479,140466.17248049294,0.38733310057854053,1.0802023317683562,1.070429376173346,0.31138816216164705,0.10437439557354848,2.382480868774939,0.784425040620697,1.3560757313188028,0.21511893911970892,-0.3267382835331633,359.7775500968004,19.124989240711685,317.2985167077105,388.3531323241133,332.6720563695751,363.0692111969927,-0.10728530347130309,-1.410756224873737
38,0.91181797,20.293262,2.0256956,1785.8003624989635,358937.2137535391,0.01980793811124038,0.012901349089907619,-0.0016680096738446472,0.044256213559571614,0.007986989109387986,0.031832216126138874,0.17964525653537902,-1.219783502693627,0.2206685601719393,0.02811059940796376,0.17610605401006788,0.2508538477778767,0.1887631264605597,0.24743816811711006,-0.3077919679960288,-1.6293650311601475,-0.0012753603216485421,0.016625637278850813,-0.026888126758194058,0.02512155960723239,-0.017718696602285117,0.01351214391849136,-0.06208734760592517,-1.4426513826764265,0.037836293197626186,0.6331580400999984,-0.9968177774274734,0.9997299832793378,-0.6022890046376915,0.6485938034643906,-0.14714975795213514,-1.4176660056453656,0.3904745261001841,0.4217677444670364,-0.23701602283941042,0.9997369528902097,0.0012338063811610954,0.857499755151078,0.26670399941084166,-1.5511608386146394,-0.023054945565759037,0.5197544828801587,-0.9999065180135811,0.998744861327142,-0.4784243562083463,0.4937460759090883,0.06906170667033516,-1.3369347673571386,107137.43937096876,32173.844882394013,21880.679310340805,265429.2179298952,79846.70452476479,140466.1283156798,0.39638669424336215,1.0304986128805675,1.070429376173346,0.31115732704953775,0.10433086877756664,2.377928836379011,0.7856410367714312,1.3572810695152395,0.21516125551081758,-0.3267382835331633,359.7774495549664,19.113504253624946,317.33219932456524,388.33046222076837,333.2417883752286,362.7229277449579,-0.10714014517956975,-1.4606997571371163
21,0.9113289,20.318617,2.0264263,1786.6475068351792,358873.5587110046,0.019808159010087832,0.012899689326665105,-0.001667997986299776,0.04425401434740697,0.007986973210834447,0.031891746002952755,0.1716195272677291,-1.220264027601528,0.22066855143116773,0.02811043441946666,0.17610610129567889,0.2508547971997534,0.18876656570512385,0.24744669958416365,-0.3078068342022207,-1.629385663542456,-0.0012750649214983193,0.016501588734723894,-0.0268822047264762,0.025116627658122306,-0.01765584920346456,0.013513140480520476,-0.05950483743882027,-1.4495548226058443,0.037844297937024964,0.633155736374044,-0.9968177401352049,0.9997295356254777,-0.6025458602586272,0.6485368304240096,-0.14714702358490375,-1.4176626075399519,0.390039485133087,0.4219920617904916,-0.23124654159189198,0.999716097288575,0.0010991712007072541,0.8765773301891918,0.2667068959108459,-1.5509215722535268,-0.023282170400529163,0.5197354557131061,-0.9999064402565722,0.998744861327142,-0.47772882286585916,0.4937229528251533,0.06924329258433291,-1.328476745500553,107157.3294422989,32166.240693717566,21005.07391282165,266722.459609074,80061.1615601822,140458.89611817998,0.4364951524856198,1.0739483797108178,1.0693897336545424,0.31122113036724597,0.10437945722763596,2.369097041636668,0.7856831386360846,1.3346475637431157,0.21507547269027633,-0.35995119954903554,359.78195459570475,19.117763151831983,317.3311002072261,388.03653435492083,332.63314345518364,363.0744901218862,-0.1072805093225529,-1.400089842896168
88,0.9109497,20.342146,2.0338616,1780.364477311142,358855.34195120254,0.01980768115594878,0.012899721657716377,-0.0016677098614956416,0.04425412688063943,0.007986076654055995,0.03183308135136697,0.18062207931787144,-1.2201100275572052,0.2206685271564746,0.028115846468772472,0.17610594564540777,0.2508554513015445,0.1887665267548913,0.2474387291808281,-0.30779132586317254,-1.6293852477194393,-0.0012747444433953378,0.016513193617087276,-0.0268603118529649,0.025116783615525946,-0.017765732402037396,0.013536117686119597,-0.06211445366615926,-1.4492123921029638,0.037852163740772854,0.6331533869011129,-0.9968123286554287,0.9995597814548354,-0.6023477427374114,0.6485369521948106,-0.14704841913091216,-1.4176645848293823,0.39003888220706256,0.4220045306341857,-0.23103608279798382,0.9997167345327785,0.0011330062058090872,0.8765354301235101,0.262290142152934,-1.5448987162870376,-0.023284447693156587,0.5197756849454899,-0.9999034297313494,0.9987583023598696,-0.47767930232282163,0.4937135481304834,0.07600739088152154,-1.3362396205331548,107152.93284311106,32173.739753334845,21004.752557715816,267982.7130271747,79683.09164960486,140718.3490915751,0.3964583297587807,1.0780639818886757,1.07000066299633,0.3139620369050178,0.10437160997737353,2.3722645017841497,0.7885909814109171,1.3572649403766643,0.20300687407855103,-0.3605853177652603,360.1509500641607,19.059278262810878,317.9542388091852,388.3790969339256,332.6222553203534,363.5984319239739,-0.10728917946501179,-1.4628959502656127
25,0.9105435,20.36676,2.0361571,1786.6475068351792,358938.4266572287,0.01980793811124038,0.012899721657716377,-0.001667997986299776,0.04425412688063943,0.007986040840246938,0.03183557500178673,0.18002382828379576,-1.220111609447153,0.22066855143116773,0.028107936937787778,0.17610594754378242,0.25085539684508906,0.1887657309903001,0.2474387503067788,-0.3077906122917626,-1.6293857769576316,-0.0012747444433953378,0.016627236306737115,-0.026878335941381407,0.025116627658122306,-0.01777731033426998,0.013536336146177148,-0.06152059630700269,-1.4492822496217257,0.03784321695970531,0.6331562112373933,-0.9968175300156011,0.999729244999443,-0.6025458602586272,0.6485368304240096,-0.14714704140896734,-1.4176626075399519,0.39003888220706256,0.4219920617904916,-0.23252327967400868,0.9997169897124377,0.001152127286681332,0.876470547021402,0.2667068959108459,-1.5512572334722106,-0.023282904107906035,0.5197789196386623,-0.9999034562906236,0.9989134154727345,-0.47734644879137644,0.49369103621391275,0.07605208702159016,-1.3367268966367074,107139.08305301615,32173.844882394013,21004.752557715816,266775.786433725,79948.72977568464,140464.55673303644,0.39629739878580705,1.029224747150792,1.0693507286844808,0.31138816216164705,0.09353127673415891,2.369097041636668,0.7856831386360846,1.356068727017032,0.21465403660154395,-0.35995119954903554,359.78076290363043,19.116956398035175,317.3311002072261,398.81584665169004,332.63298682278975,363.07015598182187,-0.10728127082138496,-1.4620502659077963
62,0.9100564,20.396894,2.0385103,1786.6475068351792,358943.43664455856,0.01980793811124038,0.012899712935051313,-0.001667997986299776,0.04425412688063943,0.007986022650710224,0.03183557500178673,0.17983871174813365,-1.220111609447153,0.22066861772968285,0.028115616741396843,0.17610594754378242,0.25085539684508906,0.18876661688957058,0.2474387503067788,-0.3077906122917626,-1.6293857769576316,-0.0012747444433953378,0.016507243604845245,-0.026878335941381407,0.025116627658122306,-0.01776165651743033,0.013536336146177148,-0.06168935845733478,-1.4492822496217257,0.037856488831242735,0.6331562112373933,-0.9968175300156011,0.9997560798632293,-0.6025458602586272,0.648554124400263,-0.1471465574342723,-1.4176546098407163,0.39063805471203966,0.4219920617904916,-0.23252327967400868,0.9997350178827212,0.0011624588452570556,0.8764836122266725,0.2667068959108459,-1.5512572334722106,-0.023228313948989977,0.5197789196386623,-0.9999034562906236,0.9989131593012194,-0.47772637656454126,0.49369103621391275,0.07605159442022164,-1.3371343609260968,107139.08305301615,32162.069212843795,20946.686417541805,266721.66256280197,79950.38452728692,140660.7531373066,0.39629739878580705,1.029224747150792,1.069363064754316,0.3113995223957415,0.09378298267268148,2.369097041636668,0.7856831386360846,1.3562867868138473,0.21465368050736713,-0.35995119954903554,359.7896815856285,19.29247130961755,317.3311002072261,398.81584665169004,332.619636476125,363.07015598182187,-0.10728127082138496,-1.4621391861047928
99,0.9099536,20.404173,2.038723,1786.6475068351792,358943.43664455856,0.01980793811124038,0.012899712935051313,-0.001667997986299776,0.04425412688063943,0.007986022650710224,0.03183557500178673,0.17983871174813365,-1.220111609447153,0.22066861772968285,0.028115616741396843,0.17610594754378242,0.25085539684508906,0.18876661688957058,0.2474387503067788,-0.3077906122917626,-1.6293857769576316,-0.0012747444433953378,0.016507243604845245,-0.026878335941381407,0.025116627658122306,-0.01776165651743033,0.013536336146177148,-0.06168935845733478,-1.4492822496217257,0.037856488831242735,0.6331562112373933,-0.9968175300156011,0.9997560798632293,-0.6025458602586272,0.648554124400263,-0.1471465574342723,-1.4176546098407163,0.39063805471203966,0.4219920617904916,-0.23252327967400868,0.9997350178827212,0.0011624588452570556,0.8764836122266725,0.2667068959108459,-1.5512572334722106,-0.023228313948989977,0.5197789196386623,-0.9999034562906236,0.9989131593012194,-0.47772637656454126,0.49369103621391275,0.07498668864188898,-1.3371343609260968,107139.08305301615,32162.069212843795,20946.686417541805,266721.66256280197,79950.38452728692,140660.7531373066,0.39629739878580705,1.029224747150792,1.069363064754316,0.3113995223957415,0.09378298267268148,2.369097041636668,0.7856831386360846,1.3562867868138473,0.21465368050736713,-0.35995119954903554,359.7896815856285,19.29247130961755,317.3311002072261,398.81584665169004,332.619636476125,363.07015598182187,-0.10728127082138496,-1.4621391861047928
92,0.90938485,20.4265,2.0351193,1780.364991635343,358866.445311824,0.01984868113871949,0.012899721657716377,-0.0016680135069631484,0.0442538289503497,0.007986040840246938,0.0319051641403716,0.18062207931787144,-1.2201100275572052,0.220668526541085,0.02811584665351302,0.17610594564540777,0.25085854035498434,0.18876374035800014,0.2474471684792821,-0.3092231282676658,-1.628416161141386,-0.0012747444433953378,0.016514047766776327,-0.026871021736638002,0.02511644652070937,-0.017776324410375032,0.013535914900339147,-0.05797319742925193,-1.4492190648378813,0.037842657134980834,0.6331567607479252,-0.9968123286554287,0.9995597814548354,-0.6026190394820101,0.6485387780589429,-0.14704841913091216,-1.4176645848293823,0.39003888220706256,0.4220186503394991,-0.23229554073163936,0.9997167345327785,0.00012426090318829396,0.8765735268133256,0.26228596330653675,-1.544840819500873,-0.023283940434441673,0.5197791242415692,-0.9999034562906236,0.9987651564584762,-0.47767930232282163,0.4937135481304834,0.07600739088152154,-1.3364640511350985,106908.0982647752,32173.739753334845,21117.651492072637,267885.6841795679,79732.58601847662,140465.78007428473,0.3872312413008886,1.0799381358950928,1.0693507286844808,0.3114707145156785,0.10129706060502622,2.3722645017841497,0.7889774683508147,1.3570671443309907,0.21297277105058887,-0.3449903348274055,360.1509500641607,19.067618325895435,317.9542388091852,388.31563564215804,332.63298682278975,363.03974363629317,-0.10728246517325216,-1.4628959502656127
29,0.9089526,20.446043,2.0394723,1780.364991635343,358873.3165696268,0.01977258640088798,0.012899168325286071,-0.0016681186136973673,0.04425412688063943,0.0079859261228229,0.0318339916894349,0.18055286936411796,-1.2202679136579155,0.220668526541085,0.028115846468772472,0.1761060684285196,0.25085545080220756,0.18876374035800014,0.2474387291808281,-0.3077906122917626,-1.6284000222205168,-0.0012747444433953378,0.01651404303068415,-0.026897317868940288,0.025116627658122306,-0.017776047119830603,0.013536117686119597,-0.06211445366615926,-1.4466786729388603,0.037843371229528903,0.632254675905034,-0.9968125261402281,0.9995597814548354,-0.6026190394820101,0.6485369683175186,-0.1471431003181652,-1.4176649313117702,0.3906732608444995,0.4220045306341857,-0.23255759708446017,0.9997167345327785,0.00014089466811036632,0.8765354301235101,0.2625574833672126,-1.544832871093971,-0.023284447693156587,0.5197791242415692,-0.9999034880559475,0.9989088522045305,-0.47767930232282163,0.4937158426395726,0.07600739088152154,-1.3362391122101747,107155.08430805335,32173.739753334845,22033.099342614176,267975.8146512881,79732.58601847662,140465.77337396724,0.3872312413008886,1.029224747150792,1.0693838282380934,0.31381842738559207,0.10473949835393963,2.3722645017841497,0.7885909814109171,1.3328969783721298,0.21303688911658933,-0.3605556457452979,360.16376640268817,19.08030446435555,317.9538799587041,388.3111219843405,332.66347729999444,363.06873214366544,-0.10720445170790263,-1.4628959502656127
9,0.90841466,20.46574,2.0387433,1795.1517814352396,358872.82981874153,0.019769678137936585,0.012899690430028497,-0.0016680515747207914,0.044254694411732784,0.007982069253316093,0.03195535541219927,0.17995615490985076,-1.2200814505906892,0.22066860028872273,0.02811564940401356,0.1761061417003119,0.2508554088459091,0.18876657732945176,0.24744696920891096,-0.30788704446457216,-1.629327866390497,-0.0012752281866766785,0.016506020695916116,-0.02665966979208502,0.02511622460044671,-0.01764686368242668,0.013511619521563796,-0.058106615484220046,-1.4411239222523962,0.03785301616325474,0.6322353666992858,-0.9968205962006965,0.9996789476119636,-0.6020963392486387,0.6485551203317336,-0.1470462304397664,-1.4176622688898808,0.3901571671455505,0.4220158250462698,-0.23104083233096137,0.9997362347642839,0.00015185245413237473,0.8748311443760561,0.26581064164340507,-1.5454184412916065,-0.0232307339203647,0.5188403869449969,-0.9999072815614128,0.9989337322793759,-0.4777266804860221,0.49372229672352835,0.07538891801386134,-1.3370624103378428,107157.9623854312,32174.200454415564,21174.16696414886,266836.928367661,79759.89713045889,140483.8011642401,0.4323134540469281,1.0736066461137377,1.0702056152728046,0.31386129644975147,0.10418408932564972,2.3757837133021606,0.782478408812693,1.3328880115993387,0.21469861731258513,-0.32099075958708234,359.7818306593099,19.28703373302895,318.00454368466234,388.63865661053853,332.66328705575364,363.03174806591545,-0.10713089007128014,-1.4679642809046582
10,0.90781397,20.500727,2.0437777,1788.1670996183223,358852.0509603174,0.01980799079279834,0.012900324614953577,-0.0016668689981817729,0.04425407569082934,0.00798669590051027,0.031900577182457236,0.18018705904763194,-1.2200616309437617,0.22066838956137946,0.0281102546687416,0.1761263788117278,0.25085528067853236,0.1887667773551317,0.24744373794870672,-0.3077714437730447,-1.6293629092514643,-0.0012754261060767508,0.016506258805564344,-0.026668035827331703,0.025119294297593645,-0.017761697468185383,0.0135361239273528,-0.05384427998820508,-1.370115099891336,0.03785177624760874,0.632261286770308,-0.996825164362251,0.9997558967736255,-0.6025425551365804,0.6485819053406844,-0.14714601355828955,-1.4176737285590433,0.39003940092406725,0.4219921682803736,-0.2402968798350711,0.9997352942539706,0.00022263283779839815,0.8558057983094819,0.26234174702695345,-1.5446436127375331,-0.023257285406824257,0.5197688590162276,-0.9998596000851995,0.9987573442736384,-0.47734630970040876,0.4937138779158713,0.06949209440334565,-1.336251267436688,107319.73737829998,32173.805643037616,21593.783664338654,265554.6946143403,79735.89210193153,140483.57890775343,0.38543761236608093,1.0759535469042194,1.0702722918577499,0.31143828345468283,0.08323782648654719,2.3723036255638967,0.7880208969694812,1.3550908628530889,0.2050741826513132,-0.34481917156672354,360.15852008701006,19.268110067247452,318.06144158501365,388.3782044521555,332.63301844022027,362.7863993604511,-0.10713415763851558,-1.4874957205482127
32,0.90736866,20.522903,2.0437596,1780.0224403909333,358855.3909506652,0.019782287704925773,0.012900295156978278,-0.0016667966334803824,0.044256255520230985,0.00798659807147616,0.03189937698341207,0.18058282337047338,-1.2200637294506784,0.2206684765449438,0.02811487551923603,0.1761043332436371,0.25085839453320563,0.18876670994239597,0.24744956660819076,-0.3080218938566927,-1.6293653158599497,-0.001275333624984299,0.01650423112196031,-0.026668061420232095,0.025119721654235844,-0.01771622225800344,0.01352011011890215,-0.05822023688513142,-1.3587221037732267,0.03804525277992365,0.6331536262204803,-0.9968209371887194,0.9996764145143716,-0.6026049669934145,0.6485812763126978,-0.14704940159839044,-1.4173943282359935,0.39059131599991687,0.4220049952947846,-0.23104503342493368,0.9997412343614935,0.0008888026986294917,0.8558021232856089,0.26234148256052064,-1.5511589902642222,-0.023257250300422815,0.5197795504102882,-0.9999239534746439,0.9987560997427717,-0.4776840927964411,0.49372013801669445,0.06955758012235215,-1.3362355500092844,107114.68956285717,32169.8356173699,21138.393452262764,265419.0670360447,79787.40995068595,140465.78988600214,0.4327579080210105,1.0760562336994923,1.0698799575795748,0.3138638167993153,0.08399972130929717,2.375905968401307,0.7885873952323251,1.3441036069015755,0.21469514138844575,-0.34495911737052676,360.13487552680857,19.26685441830407,317.91392937920267,388.88166417012246,332.6380643640183,363.637103560104,-0.10713403620758127,-1.4914400627785431
34,0.9069567,20.542503,2.04744,1788.1670996183223,358852.0509603174,0.01977117382662221,0.012900296186052757,-0.0016668689981817729,0.04425407569082934,0.007986701038871955,0.031900577182457236,0.17185509160820636,-1.2200637042284117,0.22066838956137946,0.028115665488782936,0.1761263788117278,0.25085543903127844,0.1887667773551317,0.24744373794870672,-0.3079222835760921,-1.6293629092514643,-0.001298967028469949,0.016506258805564344,-0.026668035827331703,0.025119309351276594,-0.01775991596459862,0.013512097496047617,-0.05323967003598008,-1.3701251022130638,0.03785177624760874,0.632261286770308,-0.996825164362251,0.9997558967736255,-0.6023472220379819,0.6485819053406844,-0.14704940159839044,-1.4176737285590433,0.3900373869358627,0.42200319576846057,-0.24011255699808873,0.9997415681551516,0.00022263283779839815,0.8558021232856089,0.26234174702695345,-1.5446436127375331,-0.023257285406824257,0.5194859667883815,-0.9998596000851995,0.9987570805415963,-0.4776840927964411,0.49371338982090973,0.06949209440334565,-1.3362362075279588,107157.90824539746,32172.726925612587,21593.783664338654,265551.5759667581,79735.89210193153,140483.57890775343,0.38543761236608093,1.0759535469042194,1.0702722918577499,0.3138603371262085,0.08323782648654719,2.3723036255638967,0.7880208969694812,1.3550908628530889,0.2050741826513132,-0.34481917156672354,360.15852008701006,19.267186520268154,318.0806730299115,388.3782044521555,332.61956670860656,362.7863993604511,-0.10713407658567577,-1.4874957205482127
60,0.90642685,20.560543,2.0415528,1795.151779531339,358855.0934378357,0.019783731938036134,0.012900295245703658,-0.001666790202823393,0.04425424237070958,0.007981049132720646,0.03189938643687135,0.17194130598881474,-1.2200283818271327,0.22066855289457898,0.028115808938919372,0.17610484573043153,0.250858547721948,0.18876572246963363,0.24744130641836762,-0.3092671330798506,-1.6284321800139794,-0.0012753083640230903,0.016513614372460857,-0.026668284377277703,0.025119216197854684,-0.017555108786514062,0.013511807076689173,-0.05825436516762299,-1.4427107338131309,0.03804161504943454,0.6329791031676563,-0.9968229372114191,0.9992804927629102,-0.601991064126543,0.6485840296371325,-0.14704966772784284,-1.4173943282359935,0.3901354377148504,0.4220149777300925,-0.23104492802610055,0.999753256592611,0.0008963386179600103,0.8783468996995321,0.262278536511045,-1.5454230866233165,-0.023231966437616075,0.5198221880918442,-0.9999223055870584,0.9987618983391868,-0.4776840927964411,0.4937511957788493,0.0771133929543305,-1.336234702656305,107158.93024294675,32169.210739352486,21123.642949931567,266844.1227112662,79959.34114891679,140469.4968036451,0.4322727604274208,1.077550312168274,1.0699785404237596,0.3138604560895943,0.1012947244954445,2.3719749076826813,0.7886058737191518,1.345203900886497,0.21461719258462586,-0.34495911737052676,359.79919793997266,19.093360362257176,317.64803141927763,388.37765274585354,333.5985657792526,363.6656262355482,-0.10727087550860887,-1.4786797522195954
89,0.906298,20.579008,2.0434,1788.1670996183223,358870.50383598835,0.019771151637811145,0.012900541527157366,-0.0016675400127737585,0.04425401969282146,0.007981489272002337,0.031900577182457236,0.17228181891116182,-1.2200253196906605,0.2206683881834633,0.028116476694901294,0.1761087272255898,0.2508554401616925,0.18876167849877892,0.24743855372691712,-0.3091754396135975,-1.6293694934251974,-0.0012990210225144734,0.016506526082991017,-0.02688619861977618,0.025119310859351485,-0.01773298120898555,0.013511856614558995,-0.06215156717496971,-1.4443654643955606,0.03784299808619519,0.6322608476517511,-0.9968697122165177,0.9997558967736255,-0.602325066386019,0.6485214102316111,-0.1470526865225014,-1.4176728203107256,0.39068103896737477,0.4220032808535415,-0.23241019660073245,0.9997418359971045,0.00016471892424422803,0.8764109702571228,0.2623776624663458,-1.550913847327783,-0.023284438010947896,0.519502407506271,-0.9998596000851995,0.9987388949522892,-0.4776840927964411,0.4937529784012905,0.06897995759951195,-1.3362390114494462,107121.852789458,32173.050249697317,22027.964407201707,267965.9689897112,79732.66656286507,140484.30337425688,0.3872294960273069,1.0831774404462566,1.069373465761593,0.3138603371262085,0.08707460110856892,2.3722632684558036,0.7885834336101946,1.3437977567002863,0.2131253600667149,-0.3501820655974065,360.1642700542958,19.26099272519026,318.0806730299115,388.25107341118417,332.5313914818868,363.0686027709668,-0.10720489225074416,-1.4864411598564615
74,0.9057631,20.597328,2.0441065,1795.151779531339,358855.0934378357,0.019848376698361935,0.01290027761136642,-0.0016667779339619147,0.044224043617005875,0.007986027159934192,0.031899382984759854,0.1721164868893479,-1.2200283818271327,0.22066855289457898,0.028115808938919372,0.1761049380849895,0.250858547721948,0.188766562920779,0.24744664129014093,-0.3092671330798506,-1.6284321800139794,-0.0012928866224450185,0.016513614372460857,-0.026668223424431474,0.02512309471277925,-0.017555108786514062,0.013511807076689173,-0.05825436516762299,-1.4406125965105554,0.03806450442980893,0.6331623843303267,-0.9968229372114191,0.9996763731466278,-0.6020973583661939,0.6485818036265981,-0.14704966772784284,-1.4173943282359935,0.3901562143850468,0.4220149777300925,-0.23104492802610055,0.9997532859913068,0.0008902720024932876,0.874847965999663,0.262278536511045,-1.5454230866233165,-0.02323145852248457,0.5198221880918442,-0.999923108484237,0.9987641011335903,-0.4776840927964411,0.4936905722204328,0.0695797624217933,-1.336901071921367,107158.93024294675,32170.711627425793,21123.642949931567,266844.1227112662,79944.68420281602,140466.80745731757,0.4322727604274208,1.077550312168274,1.0699785404237596,0.3138613108852072,0.1012947244954445,2.375918380358041,0.7886058737191518,1.345203900886497,0.21297098499154085,-0.34495911737052676,359.76544973747355,19.2578957279366,317.3515108520854,388.6404787377876,333.5985657792526,363.6400968345016,-0.10727542887363896,-1.4787233406221332
79,0.9053288,20.62317,2.0502164,1795.7605371853128,358873.8181952661,0.019773258500254246,0.012901112497759253,-0.0016681179970216178,0.04425401969282146,0.007981483051598487,0.03190041468384946,0.17190723114958492,-1.220066029631634,0.22066839818564823,0.0281157987136858,0.1761058104719916,0.25085540864163625,0.18876156735258073,0.2474174061295014,-0.30916780379636655,-1.6293661878901788,-0.0012898849740358984,0.016605154834697097,-0.026642680635889114,0.025119305156963517,-0.01773298120898555,0.01351190979328096,-0.053239544419164675,-1.370413292945923,0.03784796899308731,0.632261286770308,-0.9968205641183393,0.9997553050840574,-0.6020249517617494,0.6485205459976114,-0.14704865870711664,-1.4177028515446635,0.3905626311845396,0.42200307209046833,-0.2409068574842145,0.9997373855140584,4.551764711767758e-05,0.8558643008932894,0.26256114638713357,-1.5445724152875622,-0.023254775798623426,0.5197635757665898,-0.9999067535513365,0.9987448177876542,-0.4776840927964411,0.4937138983661756,0.06949379393521177,-1.3362575371135406,106925.81976519547,32172.940463923354,21593.78684130017,265687.54012103396,79738.11704654175,140645.02476842812,0.43462411513044485,1.083582263662719,1.0702026514256582,0.3138603371262085,0.1029069772525659,2.3722498548579307,0.7880208969694812,1.3330601172617411,0.2050741826513132,-0.3258666034131001,359.76011303711573,19.249633768840717,318.09790415270675,388.3782044521555,332.6644485175358,362.8299744647737,-0.10713482278296542,-1.4874957205482127
97,0.904755,20.650642,2.0516632,1786.6247720246906,358855.2932039346,0.01984377034132183,0.012899691107985526,-0.0016668689981817729,0.044223992818849096,0.007986695987195924,0.031900579745687066,0.18003538883728948,-1.2201112678319896,0.22066839025632778,0.028115665488782936,0.17612685247749252,0.25085541887643786,0.18876570869422143,0.24744345664834408,-0.30929167526442813,-1.6284322415449093,-0.001298967028469949,0.01662629849651444,-0.026668035827331703,0.025116740654887355,-0.017554919998865152,0.013511816729393418,-0.05323967003598008,-1.3701251022130638,0.03784291170169379,0.6331328896796581,-0.9968252830502246,0.9997300879139002,-0.6016987139090787,0.6485819049426303,-0.14704868689770345,-1.4173866910998727,0.39003705746771467,0.42201441141336105,-0.2396651907957956,0.9997421748681704,0.0011524137628999495,0.8763663613224448,0.262108750915896,-1.5446436127375331,-0.023231039371548877,0.5194860636052483,-0.9999031098990212,0.998911975048725,-0.4776840927964411,0.4937123053319396,0.06953169447357943,-1.336198322057095,107157.90824539746,32172.738867118736,21593.783664338654,266863.0423272307,79948.67397322708,140464.63776962913,0.39648828345821335,1.0766958447772952,1.069951342335205,0.313860361701339,0.08327193748760146,2.3723362926238054,0.7857379964134056,1.3550908628530889,0.2050741826513132,-0.34481917156672354,359.7789202993737,19.321054243002926,318.0806730299115,390.81902689796885,332.61956670860656,363.65648547020675,-0.1072756723857029,-1.4628833776761516
51,0.9044109,20.663792,2.0533197,1795.364240882118,358855.2932039346,0.01984377034132183,0.012900296186052757,-0.0016668689981817729,0.04422374550987553,0.007986701038871955,0.031900579745687066,0.17185586117233723,-1.2200637042284117,0.22066839025632778,0.028115665488782936,0.1761263788117278,0.25085541887643786,0.1887667773551317,0.24744371791106465,-0.30929167526442813,-1.628439952676982,-0.001298967028469949,0.01650716311995285,-0.026668035827331703,0.025119309351276594,-0.017554919998865152,0.013512097496047617,-0.05323967003598008,-1.3701251022130638,0.03785177624760874,0.6323348281334847,-0.9968251969873058,0.9997553397192132,-0.6023464909209831,0.6485819049426303,-0.14704940159839044,-1.4173866910998727,0.39003705581342724,0.42201441141336105,-0.2398958416149408,0.9997415681551516,0.0008678680466811175,0.8558021232856089,0.2622752947163445,-1.5446436127375331,-0.023231039371548877,0.5194860636052483,-0.9998594422292334,0.998757130382576,-0.4776840927964411,0.49371338982090973,0.06948819424141289,-1.336198322057095,107157.90824539746,32172.726925612587,21593.783664338654,266863.0423272307,79954.56917542685,140466.77081729306,0.3837290808127999,1.075842641904092,1.06998073254897,0.313860361701339,0.08327193748760146,2.3723362926238054,0.7880208969694812,1.3550908628530889,0.2050741826513132,-0.34481917156672354,359.7788847009497,19.267186520268154,318.0806730299115,390.75401444289685,332.61956670860656,363.65648547020675,-0.1072756723857029,-1.4874957205482127
15,0.90388894,20.681236,2.0542674,1795.151779531339,359126.45467156364,0.019848376698361935,0.01290027761136642,-0.0016667779339619147,0.044224043617005875,0.007986162187821451,0.03190254609417013,0.1721164868893479,-1.2200283818271327,0.22066843335385108,0.02811590606096926,0.17611614435881334,0.250858547721948,0.18876656469695774,0.24744665017759895,-0.3091919485316215,-1.6284306337299466,-0.0012928866224450185,0.016513614372460857,-0.026668223424431474,0.02512309471277925,-0.017555108786514062,0.013511807076689173,-0.05825436516762299,-1.3558673619965276,0.03771383724492801,0.6331623843303267,-0.9968229372114191,0.9996763731466278,-0.596436999270009,0.6485818036265981,-0.14704966772784284,-1.4173943282359935,0.39015653874888034,0.42201837072881826,-0.2229608698702756,0.9997532859913068,0.0001717623259443711,0.8748723545906666,0.26223858675525996,-1.5453727697301236,-0.023231266253930023,0.5198848468605969,-0.9999232800568475,0.9987641011335903,-0.4776840927964411,0.4936905722204328,0.06956822091492114,-1.3364651413589141,106907.9659277448,32170.711627425793,21123.642949931567,266004.2879795813,79944.68420281602,140466.80745731757,0.4322727604274208,1.0792723520168646,1.0699785404237596,0.3138613108852072,0.1012947244954445,2.375918380358041,0.7889815986336066,1.3439110522940692,0.21297098499154085,-0.34495911737052676,359.76544973747355,18.9871714094515,317.386233425352,388.6404787377876,333.5985657792526,363.6400968345016,-0.10728107631204893,-1.4787233406221332
24,0.9032036,20.701551,2.0473561,1795.6812551685077,358845.4655160938,0.019789522498202625,0.012899998110709417,-0.0016703878241957776,0.04425545071026928,0.007978105250124773,0.03189503901602763,0.18022099377367434,-1.2200637294506784,0.22066854755984897,0.028118240367560377,0.1761045154173566,0.2508553477360327,0.18876557728631232,0.24744956660819076,-0.30791583582973864,-1.6294399802019752,-0.0012753288770149041,0.016520244068493443,-0.026897375133316054,0.025119423985724296,-0.017770760874102055,0.01352011011890215,-0.02873241777249493,-1.3656429097556313,0.03804384774630546,0.6322301712575742,-0.9968117295598204,0.9995775453935615,-0.6019735270285469,0.648522019750374,-0.14714265609879817,-1.4173947376479137,0.3906338631152282,0.422027243838445,-0.22233574249462607,0.9997410221433257,0.0007183109446491033,0.8538434842498241,0.26668466579540734,-1.5511674964066213,-0.023256173167512967,0.5189034881219731,-0.9999155242921588,0.9987585355507014,-0.4776840927964411,0.4940785991551925,0.07592711880926888,-1.3251801625307116,107136.56584917476,32171.444935245185,21980.720030943365,265679.339183991,74887.88489453011,140480.21406857183,0.38244865360449676,1.0700679309757526,1.0705654667688538,0.31233113870628654,0.1043351620143298,2.3722951850314042,0.7857824568151842,1.340636064681135,0.21311700111542592,0.013497548755525854,360.1750548677162,19.265483433308415,317.9151404799111,397.8163925144363,332.64432537942156,364.2915433300009,-0.1071949170722299,-1.490817377779798
67,0.90302527,20.728052,2.0420089,1795.5009893940887,358872.82981874153,0.019769678137936585,0.012899690430028497,-0.001668000015189101,0.04425416037640705,0.007982069253316093,0.03195535541219927,0.17995615490985076,-1.2200814505906892,0.22066860028872273,0.02811564940401356,0.1761061417003119,0.2508554088459091,0.18876493940218664,0.24743066692566465,-0.30788704446457216,-1.6293627466307865,-0.0012752281866766785,0.016506020695916116,-0.02665966979208502,0.02511622460044671,-0.017646836044670156,0.013511619521563796,-0.05356469612631219,-1.3560431795529193,0.03785580817828636,0.6322353666992858,-0.9968205697499845,0.9996789389611188,-0.602059773250402,0.6485551203317336,-0.14714533920571665,-1.4176622688898808,0.39018046131223544,0.42197988714787216,-0.23098507080085337,0.9997362347642839,0.00015185245413237473,0.8778769913217562,0.26581064164340507,-1.5454184412916065,-0.0232307339203647,0.5188403869449969,-0.9999072815614128,0.9989131612641192,-0.47773027110970884,0.4937219325081225,0.07538891801386134,-1.3370624103378428,107271.22923049425,32310.864045754606,21171.37445675093,266722.0173061861,80062.77370119223,140650.62528497985,0.4330104251124971,1.0732783539265331,1.0702056152728046,0.31386391440616124,0.10449813276847009,2.3721693025619577,0.782478408812693,1.3328880115993387,0.21469861731258513,-0.01855832158237664,359.7818306593099,19.28703373302895,318.00454368466234,388.63865661053853,332.66328705575364,363.03174806591545,-0.10713089007128014,-1.4683655984703337
85,0.90209156,20.757532,2.0593212,1795.419207406934,358855.0934378357,0.019848376698361935,0.01290027761136642,-0.0016667779339619147,0.044224043617005875,0.007986047469990418,0.031899382984759854,0.16816874147952043,-1.2200283818271327,0.22066838216285878,0.02811227544721288,0.1761049380849895,0.25085531373402015,0.188766562920779,0.24744664129014093,-0.3092671330798506,-1.6293520214173396,-0.0012754199731760114,0.016513614372460857,-0.026668223424431474,0.025119396544681694,-0.017568575048686162,0.0135118385813785,-0.058297457183766443,-1.3568786337677543,0.03804161504943454,0.6331599894307296,-0.9968205132301721,0.9996763699359814,-0.6020973583661939,0.6485818071282259,-0.14704966772784284,-1.4177055353012764,0.39015648448739054,0.4220146895994133,-0.23112184366443494,0.9997457291815385,0.0008902720024932876,0.8767098101570372,0.261104768223982,-1.5454230866233165,-0.02323145852248457,0.5271004231698821,-0.999859570248679,0.9987641011335903,-0.4776840927964411,0.49373042288193286,0.0695797624217933,-1.336901071921367,107158.93024294675,32170.74364524901,21119.170257296802,266885.24484363734,79944.68420281602,140466.80745731757,0.43013610969985805,1.077550312168274,1.0699785404237596,0.3138613108852072,0.09455046861561739,2.375918380358041,0.7886058737191518,1.345203900886497,0.21296826035174837,-0.34495911737052676,360.1862050903061,19.2578957279366,317.3596533539314,388.3956133843267,333.59998664317914,363.63961878345697,-0.10712531422862705,-1.4787233406221332
93,0.90191895,20.77857,2.0471509,1780.7316058157621,358872.84408751194,0.019778073545036138,0.012900293914875129,-0.0016675434845625397,0.0442538421109076,0.007976374295458142,0.03189946894595506,0.1719072327266547,-1.220245059641742,0.22066852658164432,0.028116796475559747,0.17612603732042192,0.2508553940775872,0.18876526773127938,0.24744685921339754,-0.30781107313953937,-1.6283863038807702,-0.0012882958536429767,0.016514123308345514,-0.02664268392400085,0.02511939701450652,-0.01755556136151532,0.013513364256590986,-0.05445061509485693,-1.3554825432074764,0.037952135762988115,0.6322612188465512,-0.996812522678793,0.9992612870325204,-0.6021651910540285,0.6485451165034354,-0.1470443625291868,-1.4173922501740652,0.3906381053259897,0.42200447914057826,-0.24093212503887468,0.9997352503732538,0.00017676446997655102,0.8561546131669963,0.26232408270988095,-1.5453291938326075,-0.023231569773660733,0.5194976344414437,-0.9999066603839817,0.9989098887712382,-0.4776847089369669,0.4937274845909066,0.06920773171540845,-1.3364765595763655,107484.33804535879,32162.756234977176,21949.051748960137,268265.9718546171,80004.84669270727,140650.56345444935,0.3933313284856097,1.0384395834703626,1.0699941959177983,0.31381954429816694,0.10430387630478345,2.37226016245365,0.7874447267547476,1.3333855956647827,0.21292792856664286,-0.0018449708401202525,360.15300926837426,19.290575888482664,317.9649561833071,398.9523029428935,333.6488493718355,363.666454709123,-0.10719955022959227,-1.4690593056692778
96,0.90173405,20.791546,2.0482664,1785.9401346515265,358845.4655160938,0.019789522498202625,0.012900004950462594,-0.0016703878241957776,0.04429636038025337,0.007985819968515743,0.03190252863622517,0.18022099377367434,-1.2200637294506784,0.22066847950264523,0.0281179021574196,0.1761045154173566,0.25085530970593517,0.18876557728631232,0.24744956660819076,-0.30791583582973864,-1.6294459208657728,-0.0012753484603524063,0.015668134403623742,-0.026897375133316054,0.025119423985724296,-0.017770760874102055,0.01352011011890215,-0.026403960094914275,-1.3656429097556313,0.038017198888801625,0.6322826434593808,-0.9968684257570596,0.9995775453935615,-0.6024483308931903,0.648522019750374,-0.14714265609879817,-1.4173947376479137,0.3900423183099383,0.4220275182128784,-0.22233574249462607,0.9997410474660847,0.000696736928730404,0.8537270161868972,0.26667702963615225,-1.5511674964066213,-0.023256173167512967,0.5197491791040694,-0.9999074672692577,0.9989154767973368,-0.4776840927964411,0.4940785991551925,0.0698027142304854,-1.33707485560246,107136.34695605596,32188.912563497113,21980.795739266316,267587.18768989004,74887.88489453011,140480.21406857183,0.38244865360449676,1.079395616737128,1.0700005586890466,0.31233113870628654,0.1043351620143298,2.372359263967929,0.7857824568151842,1.3440772347295058,0.21311700111542592,-0.0061849248482635285,360.1750548677162,19.26685441830407,317.9151404799111,397.8163925144363,333.6125363432094,362.95150212533537,-0.10713398393002294,-1.4853927831049063
72,0.90122664,20.82925,2.0515792,1795.5034170763054,358872.8897445551,0.019769678137936585,0.012899690430028497,-0.001668118470508438,0.044254163954410536,0.007982069253316093,0.03195535541219927,0.17995615490985076,-1.2200814505906892,0.22066860028872273,0.02811564940401356,0.1761061417003119,0.2508554088297381,0.18876493940218664,0.24744510523164664,-0.30788704446457216,-1.628469312510342,-0.0012752281866766785,0.016506020695916116,-0.02665966979208502,0.02511622460044671,-0.017733894333532722,0.013511619521563796,-0.053224971278629976,-1.3560431795529193,0.03785580817828636,0.6322353666992858,-0.9968205697499845,0.9996789389611188,-0.602059773250402,0.6485551203317336,-0.14713854370083887,-1.4176622688898808,0.39017619875368637,0.42198137694377624,-0.24149243926747938,0.9997362347642839,0.00015185245413237473,0.878570570168389,0.26581064164340507,-1.5454184412916065,-0.0232307339203647,0.5194971719067294,-0.9999067413752504,0.9989131612641192,-0.47768594257645286,0.4937219325081225,0.07538891801386134,-1.3370624103378428,107271.22923049425,32310.864045754606,21207.974367812916,265714.51126265863,80062.77370119223,140650.58249777072,0.4330104251124971,1.0733381957761998,1.0702056152728046,0.31386391440616124,0.10449503603318468,2.3721693025619577,0.782478408812693,1.3328880115993387,0.21452186672678153,-0.012684880239832764,359.7453075453427,19.28703373302895,318.00454368466234,398.6623326021654,332.6631996031809,363.0395040988388,-0.10713079991010935,-1.4683655984703337
39,0.90066904,20.849539,2.049327,1795.7605371853128,358875.6273660307,0.019773258500254246,0.012900167361775147,-0.0016681142039361996,0.04425401969282146,0.007981247226371694,0.031900742472263835,0.17190723114958492,-1.2200659792508612,0.22066839818564823,0.0281157987136858,0.17612631768298617,0.25085540864163625,0.18876144430575953,0.24744373794870672,-0.30917744268958797,-1.6284765998534692,-0.0012898849740358984,0.016506258805564344,-0.026642680635889114,0.025119427580367684,-0.01773298120898555,0.013511785273471752,-0.05323967003598008,-1.3701945799305073,0.03795210949446676,0.632261286770308,-0.9968129055939103,0.9997562269934662,-0.6020249517617494,0.6485205459976114,-0.1470486595165218,-1.4176557363378617,0.39061873698703614,0.42201670096284266,-0.2409068574842145,0.9997415781767043,0.00015345845999477375,0.8558021232856089,0.26256114638713357,-1.5445724152875622,-0.02323152481749222,0.5194859667883815,-0.9999067535513365,0.9987466878120316,-0.4776840927964411,0.49371338982090973,0.06949379393521177,-1.3362575371135406,107423.04077928851,32162.893335438504,21593.783664338654,265686.719125103,80010.24921581472,140644.90535723526,0.4314547737261466,1.083582263662719,1.0702148247726557,0.31421770088041767,0.10440806903543007,2.3723045741773823,0.7825711383259003,1.3330601172617411,0.2050741826513132,-0.012514696811636888,360.1575775766241,19.290552332712704,318.0980442325367,398.9167404546181,332.6646141589811,362.6095165926749,-0.1071329320083772,-1.4874957205482127
66,0.900071,20.85507,2.0490644,1795.8451566340382,358872.82981874153,0.019771417284024755,0.012900225566794574,-0.0016681072151852713,0.04425480664879716,0.007985934648713234,0.03189585111418001,0.17185887116254397,-1.2202617709775403,0.22066861612374397,0.02811587341493034,0.17610892425709504,0.2508554088459091,0.18875916705106924,0.2474436634767607,-0.3091750102148843,-1.6284867496813609,-0.0012995614447977087,0.016487807969643737,-0.026642040940859025,0.025103303371414483,-0.01766425600945161,0.01351149365266049,-0.05376851904796514,-1.3560084951019034,0.03795337218718285,0.6322353666992858,-0.9968637418137049,0.9999141788159809,-0.6020441572836195,0.6528048608479463,-0.14703352778676818,-1.4176732356556934,0.3906485897882018,0.42201690052494295,-0.23057645732772825,0.9997415726093442,0.00015265701445476779,0.8538994976940131,0.26256583199663164,-1.5453447857090854,-0.0232568369654928,0.5198428827296474,-0.9998609724457117,0.9989131612641192,-0.47773027110970884,0.4940801416927303,0.0759092860703037,-1.3371389440672032,107114.73144182617,32169.27065415862,21956.237467738818,266722.0173061861,79782.56039455072,140475.15248606543,0.42994058310304545,1.0721566092596457,1.0702059897226965,0.31149372162369865,0.09638743498205563,2.372513806942033,0.7576858340656447,1.332951258572095,0.20583712064281437,-0.00473066985797855,359.7899486372165,19.069734399648993,317.9444737732526,398.4736359405471,332.6627798142342,363.4814898535428,-0.10727817285285059,-1.4876067429694477
65,0.8996395,20.866365,2.0490625,1785.9142061791927,358873.21610558085,0.019856008494689294,0.012900293914875129,-0.0016675406982800433,0.04425417987636243,0.0079755584313656,0.03189985391860777,0.17189105556724943,-1.217970466443887,0.2206685305661307,0.028107377367780684,0.176104957731141,0.2508553940775872,0.18876526773127938,0.2474468376911271,-0.30928349031956087,-1.6293847823393415,-0.0012746939335234724,0.016507817878101367,-0.026644791039469328,0.025118847498405966,-0.01755471552179906,0.013511717831718366,-0.05940821872549794,-1.3560639136523165,0.03803911137238794,0.6322746969813484,-0.9968125225287704,0.9992647014584892,-0.6021649499861862,0.6485430357587603,-0.14714417532731905,-1.4173943275664136,0.39063962454119794,0.4220043754523367,-0.23261577425922428,0.9997353875256109,0.00017666207939003362,0.878386323882166,0.26559178087709506,-1.5460016051794117,-0.0232320000943756,0.5197814518209324,-0.9998919620602023,0.9989099111876156,-0.4776847020215725,0.493726207037292,0.06908958770459699,-1.3362609204829574,106924.64790607516,32169.18693359424,21941.0445347771,268260.8568410139,79579.0944808517,140650.55631632902,0.3963695343124186,1.0249580196593697,1.0699988459864667,0.3138120493266361,0.10430463965047919,2.3722783950387774,0.7876010162873025,1.3439863168854227,0.21464961606611574,-0.0085785678976798,359.80249977511744,19.09527412714605,317.65938032031295,398.9523029428935,333.6583197234094,363.666454709123,-0.10713098202088772,-1.4703443562407847
40,0.899531,20.893017,2.0728974,1795.7234422787346,358936.42477251875,0.01977552010036016,0.01289968115787888,-0.001666846295065139,0.04425399034687239,0.007981866342241066,0.03189548854727961,0.18014133916761094,-1.2246796497041945,0.22066847484719618,0.028115575187272247,0.17610522991676092,0.25085608848715285,0.18876488620299267,0.24741712511599154,-0.3078296908650391,-1.6293628652151582,-0.0012753300711801966,0.01664438097056364,-0.026639796626233184,0.025119232646531188,-0.017654767429188922,0.013511523305786147,-0.028633660810652578,-1.3555913405540199,0.03794202127316292,0.6318934330797412,-0.9968111032867576,0.9993214707013018,-0.6019476380047072,0.6485814617888843,-0.14714188279070994,-1.4176660049267644,0.3906489038880296,0.4220038227823634,-0.23100880674984278,0.999734843362062,2.02451869729714e-05,0.8767901716020041,0.26211252386335815,-1.5513673120111173,-0.023268629815269268,0.5187219935080641,-0.9998589941779614,0.9987452193184975,-0.4777443916221632,0.4937310113852343,0.0695755353265778,-1.33691944068534,107158.81538202272,32175.117619832312,21195.845156029158,265436.38683434547,79587.60897811857,140858.03567918562,0.4330104251124971,1.0238670983372458,1.0699843594590375,0.31115790003662336,0.10431800204345115,2.385699355401584,0.7835464713946785,1.3439674916544164,0.21464502730649626,0.0026487806226839217,359.8159544120946,19.284615242788206,317.9447904267141,398.7971056816152,332.61884947384954,377.0461162026326,-0.10713733070720825,-1.465999361834432
19,0.8989738,20.91298,2.0657132,1795.5009893940887,358937.6760623256,0.019773199500612362,0.012901123642293576,-0.0016669165595212842,0.044254131618808284,0.007986034349649404,0.03183795004302981,0.18010128870073727,-1.2200894501382784,0.22066861747222977,0.028115584219810176,0.1761096206859265,0.2508566653682706,0.18874377966400507,0.24744375822831588,-0.3092378592812591,-1.6293626688275125,-0.0012976961153127228,0.016631743933094256,-0.026638171837845875,0.025119322086009237,-0.01776179052500386,0.013534945583970651,-0.05432920049917912,-1.3552123605244681,0.03795229795804566,0.6331660459826084,-0.996817523058274,0.9996772549836488,-0.6023468621533867,0.6485551227763835,-0.14714535702978024,-1.4176547393301686,0.3900452763887123,0.4220159310201064,-0.23101001409488967,0.9997413256891626,0.00015265701445476779,0.877797456730317,0.2658095949506002,-1.5456721252560321,-0.023232145218916006,0.5188953871954037,-0.9999058277574424,0.9989131612641192,-0.4773478970352261,0.4936900158968819,0.07538891801386134,-1.3367741550401007,107143.76123959933,32319.020332635817,21004.796172655817,266774.4333433874,79949.66558585977,140656.2858998347,0.3850577984093103,1.0256677851852956,1.0702233490549775,0.31144372050503855,0.10430576265213949,2.372355668013523,0.7857466642088593,1.3542615840468866,0.21465688411995162,0.018825310526244643,359.7902538441051,19.28703373302895,317.9428982370438,398.30584114547645,332.5852472085812,377.29383140620996,-0.10713096363018663,-1.4683655984703337
6,0.8985202,20.936825,2.0505388,1795.5055762489294,358872.26978683705,0.019773380890171825,0.012898946835846099,-0.0016668826409889528,0.04429452444437501,0.007985934648713234,0.03189554079896371,0.17190696799401517,-1.2202631190189897,0.22066855169333188,0.028115807488548656,0.17610955165071135,0.2508554088459091,0.1887666088497672,0.24744367872174802,-0.30926738504256124,-1.6284925059440207,-0.001275618939349934,0.01650609636108875,-0.026642040940859025,0.025119322086009237,-0.017552312040295347,0.013507929394533758,-0.05427268544264317,-1.3582248058140882,0.03804314318996769,0.6322323908748498,-0.9968125314943432,0.9997635389228535,-0.6020363944604232,0.6485551227763835,-0.14714652800804998,-1.4176547393301686,0.3906485897882018,0.4220159268466536,-0.23100887795334174,0.9997530452554059,0.00015265701445476779,0.877889667138061,0.26229132198125166,-1.5453195516267888,-0.023230503046616325,0.51982166759593,-0.9999238875776135,0.9989082114349447,-0.477734118039472,0.4943751936361705,0.07600835323717464,-1.3285939402481095,107149.2300234299,32169.045523976012,21982.089422601708,266722.0173061861,79959.53042983882,140650.62528497985,0.4330049243839749,1.0732952679886494,1.0699832062037267,0.31385495823367654,0.10431082430622696,2.372030559089744,0.787519984419591,1.332951258572095,0.21466661498151277,0.013535478324638684,359.7899486372165,19.28703373302895,317.9428982370438,398.98565969576754,332.66314769491186,364.30975190424635,-0.10720070774701135,-1.4689175745797574
27,0.8977619,20.970562,2.0541654,1795.4868494998395,358872.31639735546,0.01977325012729994,0.012898946835846099,-0.0016681088666985076,0.044255069529596916,0.007985934648713234,0.03189554079896371,0.17190696833034416,-1.2202631190189897,0.22066855019052586,0.02811580720851096,0.1761088781410734,0.2508554088459091,0.18876656687538892,0.24744367903061917,-0.30926873418676715,-1.6284925059440207,-0.0012897908174930768,0.01650625695304702,-0.026642040940859025,0.025119322585018197,-0.017735479997328694,0.01350798587996366,-0.05427268544264317,-1.3582248058140882,0.03804314318996769,0.6322312378345392,-0.9968125314943432,0.9997637107753864,-0.6020365963409272,0.6485212514383655,-0.14714491140830913,-1.4176546691004852,0.3906485897882018,0.4220158999057133,-0.23100887795334174,0.9997415848854092,0.0001534655783936525,0.877889667138061,0.26228676794045647,-1.5452605036736335,-0.023230493461108004,0.51982166759593,-0.9999239710142732,0.9989082114349447,-0.477734118039472,0.4943751936361705,0.07600835323717464,-1.32543749994066,107149.2300234299,32169.045523976012,21982.089422601708,265707.20251555473,79959.53042983882,140645.15423298106,0.43304913769845027,1.0732952679886494,1.0702015375091105,0.3138550709736199,0.10431082430622696,2.372296072864086,0.7876817780899295,1.33294276458779,0.20571796052347277,0.013535478324638684,360.1460989781677,19.28703373302895,317.9438681273726,398.9151831427173,332.66313539598394,364.30975190424635,-0.10720070774701135,-1.4878848777554263
63,0.897448,20.972126,2.0732455,1795.7234422787346,358936.45110422006,0.01977552010036016,0.01289968115787888,-0.0016668375199681412,0.04425399034687239,0.007985934324123834,0.03189548854727961,0.18015525655881898,-1.2246796497041945,0.22066847484719618,0.028115575187272247,0.17610522991676092,0.25087584984318423,0.18876488620299267,0.24740623021332572,-0.3092365971971055,-1.6293628652151582,-0.0012753326458414388,0.01664438097056364,-0.026639796626233184,0.025119247872097707,-0.01766619430786611,0.013511523305786147,-0.028633660810652578,-1.3555913405540199,0.03794202127316292,0.6318934330797412,-0.9968117820183261,0.9993076200478969,-0.6019476380047072,0.6485814617888843,-0.14714188279070994,-1.4176663350886056,0.3906489038880296,0.4220038227823634,-0.23100880674984278,0.999734843362062,0.0008460279038076288,0.8767901716020041,0.2621155781548294,-1.5513575147526133,-0.023230610605132235,0.5187044917664282,-0.9999023995631472,0.9987513529892591,-0.4777443916221632,0.4937534779036154,0.0695755353265778,-1.33691944068534,107158.81538202272,32310.864045754606,21195.845156029158,265436.38683434547,79587.69559922513,140858.03567918562,0.4330104251124971,1.0238670983372458,1.0699843594590375,0.31386356380137637,0.10422740066683978,2.3722749665895173,0.787438869929965,1.3439674916544164,0.21465688411995162,0.0026487806226839217,359.81750614648723,19.284615242788206,317.9447904267141,398.4548310883227,332.66314769491186,377.0461162026326,-0.10713733070720825,-1.4727800100586013
73,0.8968635,20.99398,2.067741,1795.5009893940887,358872.82981874153,0.019773420399459816,0.01289916994840538,-0.0016667805817781802,0.044225403159104316,0.007985935443499752,0.03189554079896371,0.17230315393356319,-1.220115079179463,0.22066861816574768,0.028115847777048137,0.17610615613242858,0.2508554512972558,0.18876667850012208,0.2474386302161055,-0.30927047722391987,-1.6284889447082869,-0.001293999584780632,0.016513532035825073,-0.026659605483573604,0.025119201658921033,-0.017546209683430243,0.013507991155492087,-0.05432920049917912,-1.3566170779016045,0.03795423863163117,0.6322353666992858,-0.9968125399443565,0.9995670220734786,-0.6020363944604232,0.6485788384269332,-0.14714423452695077,-1.4176547393301686,0.3901507237996902,0.42201580271297445,-0.23099671325265045,0.9997183345651734,0.00015265701445476779,0.8778793259152331,0.26228243494452524,-1.5453195516267888,-0.023230503046616325,0.5198235665251402,-0.9999058277574424,0.9989131612641192,-0.47773027110970884,0.49369620748686294,0.07600835323717464,-1.3283128768048253,107380.94108465168,32174.267621531908,21963.01161684449,268048.1560398639,80013.92453518297,140463.44451102344,0.43133065804604154,1.0734449704966287,1.0702059897226965,0.31385495823367654,0.10431671087514079,2.3722450460412077,0.7875393637591215,1.3573414231704117,0.21466833628174442,0.013535478324638684,359.78888055095683,19.075371300689316,317.9428982370438,398.9264538123548,332.66314769491186,377.4727540555977,-0.10720070774701135,-1.4689175745797574
70,0.89682776,21.005028,2.0672596,1795.5009893940887,358872.82981874153,0.019773420399459816,0.012900823977492672,-0.0016669106865217153,0.04425401908557584,0.007981842108459293,0.03189554079896371,0.17103806100147875,-1.220266075795833,0.22066861747222977,0.028115344435411208,0.17610615598634344,0.2508554088459091,0.18876493090498925,0.2474438910029252,-0.3092365971971055,-1.6293628785838583,-0.0012752281866766785,0.01650609636108875,-0.02688285637998842,0.025119322086009237,-0.0177605543111577,0.013511622196772995,-0.054308910008244886,-1.3552892755870034,0.037848082212459694,0.6322353666992858,-0.9968122870131086,0.9996648660273115,-0.6020403012828333,0.6485427204623018,-0.14714533920571665,-1.4176547393301686,0.3901989966915535,0.4220159310201064,-0.2310043425942317,0.9997192629461005,0.00015265701445476779,0.8779118776251982,0.2658095949506002,-1.5515343428019837,-0.023239762852814542,0.5188403869449969,-0.9999058178420188,0.9996872323652739,-0.47907852054614286,0.4937219325081225,0.07538891801386134,-1.3270152272621678,107271.22923049425,32310.864045754606,21171.37445675093,265539.4919142133,79806.73669357385,140650.62528497985,0.4330104251124971,1.0732783061797921,1.0702059897226965,0.31386341747632784,0.10431082430622696,2.3722749665895173,0.7877517522569962,1.3329122831477926,0.2156320641505038,0.014990414502895066,359.7899486372165,19.246156781930214,317.9428982370438,398.21314866383545,332.66314769491186,376.4903369481744,-0.10726476767241115,-1.4683655984703337
53,0.89580524,21.008821,2.071344,1795.08936863301,358956.18793795427,0.019771349926818102,0.012901345897158599,-0.0016661373582192148,0.0442540926247753,0.007985938773258348,0.03189594320758533,0.17215031564197628,-1.2200274099423323,0.22066854060692803,0.028115481438160585,0.1761090403784186,0.2508622974978074,0.18876532267330332,0.24740439965116198,-0.30923330110135583,-1.6293883918024492,-0.0012748143219059973,0.016503049326237126,-0.02664343338098545,0.02511923073681669,-0.017778910922595953,0.013511624674342472,-0.029138827802860805,-1.3553373018369421,0.037855770309018176,0.6323706967296715,-0.9968969358732561,0.9996940805290546,-0.6020373077728408,0.648638277182553,-0.1471231556589327,-1.4176707024786448,0.39057760955987747,0.4220050039889742,-0.22231161944526762,0.9997528384254547,0.0009657631874949641,0.8792401412533799,0.262321620854709,-1.5464627391469288,-0.0231798926779419,0.5265167144268813,-0.9999079785634816,0.998744738831119,-0.4777347393494318,0.49408100298201885,0.0695043173187992,-1.336975157065899,107114.10598765685,32310.293087835045,21173.751887563223,267941.4961808699,79581.68822979002,140480.1892127129,0.38042016111982974,1.083630647434986,1.0698913315835268,0.31148151059309215,0.1030036497065164,2.372283689150501,0.7876223078157795,1.343716411673872,0.21464809321041517,0.011648629493720059,359.69902790123257,19.01468701902778,317.9635132775773,387.9181459649007,333.64292028138254,376.89042577950806,-0.10711486382550962,-1.4875341188747273
47,0.8955107,21.05233,2.0715282,1795.5009893940887,358872.82981874153,0.019773420399459816,0.01289916994840538,-0.0016681135366352613,0.04429452444437501,0.007985934648713234,0.03189554079896371,0.17190696799401517,-1.2202631190189897,0.22066861747222977,0.028115872433650487,0.17610955165071135,0.2508554088459091,0.1887666088497672,0.24744367872174802,-0.3092365971971055,-1.6284889447082869,-0.0012898122813262036,0.01650609636108875,-0.026642040940859025,0.025119322086009237,-0.01776163699363562,0.013507991155492087,-0.05432920049917912,-1.3560431795529193,0.03795229795804566,0.6322353666992858,-0.9968125314943432,0.9997576510210403,-0.6020363944604232,0.6485551227763835,-0.14714652800804998,-1.4176547393301686,0.3906485897882018,0.4220159310201064,-0.23101001409488967,0.9997352589327119,0.00015265701445476779,0.8778793259152331,0.26256583199663164,-1.5453195516267888,-0.023230503046616325,0.5198481784882625,-0.9999058277574424,0.9989131612641192,-0.47773027110970884,0.4943826886142295,0.07600835323717464,-1.3283128768048253,107380.94108465168,32162.883789772175,21950.74481028554,266722.0173061861,80003.38448183515,140650.62528497985,0.4330104251124971,1.0732783061797921,1.0702059897226965,0.31385495823367654,0.10431082430622696,2.3720320807111643,0.7875420758919024,1.332951258572095,0.21466833628174442,0.013535478324638684,359.7899486372165,19.28703373302895,317.9428982370438,398.98565969576754,332.66314769491186,377.4727540555977,-0.10720070774701135,-1.4689175745797574
8,0.89486617,21.07553,2.0737457,1795.502072430772,358842.292400225,0.019773420399459816,0.01289916994840538,-0.0016674642589897984,0.04429452444437501,0.007985934648713234,0.03190226572285127,0.16167291205601572,-1.2202631103556294,0.22066861747222977,0.028123435401470963,0.17610955165071135,0.2508554088459091,0.1887666088497672,0.24744117550457737,-0.3092365971971055,-1.6284889447082869,-0.0012894330799410859,0.01650609636108875,-0.026642040940859025,0.025119322086009237,-0.01776163699363562,0.01350801043261836,-0.05500454183941503,-1.3560431795529193,0.03785122958354208,0.6322353666992858,-0.9968125314943432,0.9997592393731192,-0.6020639070750359,0.6485551227763835,-0.14714652800804998,-1.417685385097475,0.3906485897882018,0.4220159310201064,-0.22219742539870874,0.9997352659462745,0.00021364165650217867,0.8778835974022206,0.26256583199663164,-1.5475608452642777,-0.023253832404550534,0.5198481784882625,-0.9999058277574424,0.9989131991742007,-0.4777454404018955,0.4943823066661091,0.07600835323717464,-1.3283057719813174,106933.76053297831,32167.43715101697,21950.74481028554,266722.0173061861,80003.38448183515,140855.9272724193,0.4301708463191312,1.0732783061797921,1.0702059897226965,0.31385495823367654,0.1044063133923051,2.3720320807111643,0.7875420758919024,1.332951258572095,0.21466833628174442,0.01893500747417047,359.7901888956359,19.28703373302895,317.94459010184204,398.931710663402,332.67850803317214,377.4727540555977,-0.10720070774701135,-1.4689175745797574
14,0.8939636,21.092876,2.0765467,1795.9815386915911,359185.32741420367,0.01985591342544006,0.012899992308511146,-0.0016682157526081492,0.04425418473232452,0.007985923474428011,0.03190288370182815,0.17214410884102724,-1.217978582537984,0.2206684758672076,0.02812300928013738,0.17610303387873907,0.2508288791683322,0.1887659776981361,0.2474451030294959,-0.3092859986821321,-1.628456160266264,-0.0012809735246008215,0.015672635774834937,-0.026645863867888,0.02511966925576195,-0.017713067044922988,0.013511718337381172,-0.029138827802860805,-1.3558468720247079,0.03795210414238258,0.632313499730694,-0.9968978669570566,0.9992670594592247,-0.5960538548491977,0.6485124244642888,-0.14714427309394584,-1.4169409571301106,0.3901183089897742,0.42201506358943564,-0.22383044018342083,0.9997412733919786,0.0012021914384867617,0.8787728785782711,0.26617692950957167,-1.5464150477877676,-0.023253742885999816,0.5259822768111398,-0.9999518651369931,0.998305627423007,-0.47773742492722276,0.4940448580300204,0.0760084606000332,-1.3328284696252786,106912.78278658133,32169.18797862871,21970.804393708037,266238.17856117774,79775.10551635532,140473.93600281622,0.43099460124502087,1.0726656997625712,1.0695269568339854,0.3109317513572164,0.10129398470269556,2.3724517825491103,0.7883995734836631,1.334674880648156,0.20372121680340446,-0.005790386535862285,359.80138345595645,19.06254371174579,317.9215851705751,398.94528699883597,332.6655422430331,375.5405751870836,-0.10713082001230043,-1.4794113037251795
49,0.8932851,21.10198,2.058225,1795.4868494998395,358872.31639735546,0.01977797232776755,0.012898946835846099,-0.0016681088666985076,0.044255069529596916,0.007985934648713234,0.03189468750967195,0.17190696833034416,-1.220265428549885,0.2206685512870933,0.028123510159037312,0.1761088781410734,0.25086360926402207,0.18876657235070168,0.2474436392757544,-0.30926873418676715,-1.6284925059440207,-0.0012739296390028654,0.01650625695304702,-0.026642040940859025,0.025119322585018197,-0.017718662805118853,0.01350798587996366,-0.05427268544264317,-1.358373546390277,0.03804314318996769,0.6322312378345392,-0.9968125314943432,0.9997662752953178,-0.6020365963409272,0.6485228465681957,-0.14715071676958205,-1.4176546691004852,0.3906485897882018,0.4220158999057133,-0.23100887795334174,0.9997415848854092,0.0001534655783936525,0.877889667138061,0.26228676794045647,-1.5452605036736335,-0.023230493461108004,0.5188627090524055,-0.9999157872602157,0.998751708594998,-0.4777815602222392,0.49438585016341036,0.07600935999457609,-1.3248209716877732,107150.88358338493,32173.466157441857,21982.090128711396,265707.20251555473,79967.85311384697,140650.359465745,0.43304913769845027,1.0241620986717461,1.0706030704806984,0.3138550709736199,0.10431082430622696,2.372296072864086,0.7565840811150524,1.2514600178796313,0.20427482383208773,0.013489045385929743,360.1326970263194,19.28703373302895,317.9438681273726,398.9151831427173,332.6306100691824,364.30975190424635,-0.10720070774701135,-1.4879973895539869
46,0.8930253,21.121937,2.0858712,1787.9413102879587,358868.20604320883,0.019784270206696476,0.01289589340641658,-0.0016697942473608033,0.044253756999156124,0.00798565541617782,0.031899796163426676,0.17190619524442347,-1.2203675998317975,0.22066853106861012,0.028120569300071025,0.17610392233503197,0.25086275997439567,0.1887657404362286,0.24744998165559218,-0.30924190517840106,-1.6293842692582763,-0.001294759367492752,0.01643590895181932,-0.026677056888936953,0.02511932776139364,-0.017775615913008753,0.013520155674937587,-0.054161548067771,-1.3562871515330603,0.03763490030051916,0.6202302819314959,-0.9968107467060936,0.9996928236243535,-0.6020754333473515,0.648543285535319,-0.147123774690288,-1.4174198800178621,0.3906545092161242,0.4220140564224949,-0.23258945216403876,0.9997353875256109,0.0001651330263092829,0.8782623870144273,0.26559604429880856,-1.5513117572671575,-0.023229817133148718,0.5188859464460946,-0.9998919620602023,0.9989098999172316,-0.4777972091177634,0.4937268233252057,0.07531317657982647,-1.337112622064509,107281.46884020045,32300.95867572588,21920.87263126885,267691.0071113343,79973.60886750043,140656.6856089662,0.3963695343124186,1.026234583021389,1.0700385884493504,0.3138633546891007,0.1043382115593858,2.372507674654846,0.793120434895221,1.345436084205753,0.21464371100494842,-0.051205869801918893,360.1783628486861,19.092079298115983,317.96185108580505,398.95232649808474,333.61144851067337,363.91580657354774,-0.10713183925674029,-1.4686849562988302
26,0.8925484,21.14065,2.0842137,1786.1655408088411,358868.20604320883,0.019784270206696476,0.012895661345479224,-0.0016669880736431438,0.04425418674148859,0.007985657399246731,0.031899796163426676,0.17190619524442347,-1.2203675998317975,0.22066853106861012,0.028120569300071025,0.17610954135214138,0.25086284703755835,0.18876574105388527,0.24744399192106978,-0.30924190517840106,-1.6293842692582763,-0.001294759367492752,0.01643590895181932,-0.026644791039469328,0.02511932776139364,-0.017775615913008753,0.013512375141032226,-0.05363422495123436,-1.3562871515330603,0.03763490030051916,0.6202302819314959,-0.9968107467060936,0.9996928236243535,-0.6033326541512286,0.648543285535319,-0.14712364923816498,-1.417654622455575,0.3906485527385541,0.4220050085375619,-0.23258945216403876,0.9997353875256109,0.0001651330263092829,0.8784280542456567,0.265592795676984,-1.5457046510249544,-0.02323195140371976,0.5188882860884269,-0.9998919620602023,0.9989099111876156,-0.4777972091177634,0.49374828659178527,0.07531317657982647,-1.336213685961266,107278.27650704615,32310.45889404084,21171.016691488672,267691.0071113343,79579.05972062836,140656.6856089662,0.3963695343124186,1.026234583021389,1.0700385884493504,0.3138633546891007,0.10191781555805457,2.371215585347688,0.793120434895221,1.333020652722171,0.2146607405080905,-0.0496250062016998,359.7976473543866,19.09527412714605,317.6515162312721,398.95232649808474,333.65787247624206,363.5235588400962,-0.10713480193839468,-1.4682820838749435
20,0.8921238,21.164646,2.0958526,1798.4480915128486,358939.1729342968,0.01980697451586802,0.012901313221895633,-0.001668375137168134,0.04425387624744454,0.007981902045745028,0.031904555605486384,0.18003595951177137,-1.220293893756177,0.2206685328653251,0.028113061185989614,0.17610319884063733,0.25082612773875795,0.18876558392790926,0.2473356280256712,-0.3092780523656883,-1.62932414245542,-0.0012745586557291904,0.016727241765983298,-0.02666936526186091,0.02511645139337461,-0.017773130985781822,0.013520956158715118,-0.029091173372624467,-1.3553373018369421,0.0378440880319906,0.619640339427266,-0.9968924674495457,0.9996441027003845,-0.6023459883950119,0.6485234989265094,-0.14715316747557186,-1.4176768349746998,0.39002114005799216,0.4219912834207138,-0.23080157917977517,0.9997425520476384,0.0009728846297322091,0.8770823287615432,0.2657823731624199,-1.551165393330305,-0.02309666811078125,0.5197923351216801,-0.9998533480249074,0.9989095182807799,-0.4772057210431049,0.4943280452781577,0.07490476803448062,-1.336981391282571,106886.32439444253,32165.712311451258,21926.29365345565,266198.3209566173,79652.1028450476,140513.0580391814,0.39897128058632153,1.069481893515922,1.069775068733882,0.3114139428685691,0.10429688297159623,2.374479164421591,0.7851678892663617,1.3443692211378888,0.20402790029973109,0.01352721780290523,359.71653865110153,18.954147369791045,317.9141033430455,398.7611729043592,332.64386574245907,376.89042577950806,-0.10713504014800745,-1.4657616688467152
31,0.89152294,21.18341,2.0963204,1795.735726043755,358848.72670792026,0.01981011651690845,0.012901404633916421,-0.0016683767157904957,0.044254082686892696,0.00798170001933732,0.03190058271353504,0.17897546147331844,-1.2202868043240385,0.2206685374285848,0.02811290493121548,0.17610918411712218,0.2508550985941192,0.18873873520337725,0.24732778033890793,-0.30923330110135583,-1.6293794602779568,-0.001275126950148121,0.01650772488635218,-0.02663022528533259,0.02511942492976291,-0.017778910922595953,0.013512498497992905,-0.026987825728170163,-1.3561086275235985,0.0378440880319906,0.6198523350797918,-0.9968667852613007,0.9996389235710186,-0.6023459883950119,0.648532913158126,-0.14715903038913497,-1.4174209134083686,0.39062447642085396,0.42208672485449916,-0.23288376947741335,0.9997533656513722,0.0009605478388394771,0.8777883377978644,0.262321620854709,-1.5506491316977444,-0.023187729169902895,0.5198739301999564,-0.9999081815033537,0.9987338908564011,-0.4772057210431049,0.49370731187580236,0.07515484741790979,-1.3339685892206048,107138.1572442329,32167.101977876817,21359.334059579665,267856.2393341406,79652.1028450476,140849.3337918042,0.39939296360935467,1.0697137862003188,1.0700361245712926,0.3114086521815492,0.10429818295921257,2.3166342621184177,0.7920504736911397,1.3546736524811331,0.20405346690665055,0.01352721780290523,359.68639426567773,19.01468701902778,317.6083007997017,398.01397424935084,333.79219766708786,376.87737875553364,-0.10713504014800745,-1.4807198272242403
23,0.8912753,21.20809,2.1012168,1795.735726043755,358869.1035416954,0.01980690946600132,0.012901404633916421,-0.0016683767157904957,0.044259620390251005,0.007981903328940323,0.031900522607971375,0.1800513414957094,-1.2202868043240385,0.22066853987088025,0.028113391114693312,0.17610918411712218,0.2508648244774012,0.18876558392790926,0.24740745582167273,-0.30923330110135583,-1.629361044141071,-0.0012748143219059973,0.01651104043643809,-0.02663022528533259,0.02511942492976291,-0.01777821762153538,0.013511878881952162,-0.026987825728170163,-1.355336557952378,0.0378440880319906,0.6196383143524817,-0.9968203921505652,0.9996022577410698,-0.6023459883950119,0.648532913158126,-0.1471590054360959,-1.4181938805278083,0.3901523007516681,0.42203488861940847,-0.23352730958950577,0.9997533656513722,0.0011101809004825476,0.8787702547263261,0.2628966500412052,-1.5462239777788127,-0.02318158530262103,0.5197923351216801,-0.9999099144815619,0.9987785828155673,-0.4772057210431049,0.4943308369067152,0.07600517537651498,-1.336636772147753,107138.1572442329,32168.78210768566,21350.377326976748,267856.2393341406,79652.1028450476,140513.0580391814,0.4335963990051061,1.0697137862003188,1.0699807005826945,0.31142966400222577,0.0965082665041299,2.372508083529502,0.7623183878398334,1.3420252810461646,0.20405346690665055,-0.004210515149291277,359.6862913699102,19.05835364258866,317.9989603988527,398.0599688424796,333.69906770933744,376.89042577950806,-0.10727401245866529,-1.4784967302703351
71,0.89080757,21.237133,2.100698,1795.735726043755,358848.7628299988,0.019771349926818102,0.012901345897158599,-0.0016661373582192148,0.0442540926247753,0.007985938773258348,0.03189542960431087,0.17215031564197628,-1.2200274099423323,0.22066854060692803,0.028115593112411144,0.1761090403784186,0.25086246829675946,0.18876582941583755,0.24740584217612818,-0.30923330110135583,-1.6293883918024492,-0.0012748143219059973,0.016508341760952668,-0.02664343338098545,0.025119413342059912,-0.017778910922595953,0.013511624674342472,-0.029138827802860805,-1.3553373018369421,0.03785576726856726,0.619640339427266,-0.9968969358732561,0.9996940805290546,-0.6020373077728408,0.648638277182553,-0.1471231556589327,-1.4174331404375091,0.39020152837772143,0.4220405128381972,-0.22231161944526762,0.9997528384254547,0.0009657631874949641,0.8792401412533799,0.262321620854709,-1.5464627391469288,-0.02318254464898671,0.5265167144268813,-0.9999079785634816,0.9989072593873985,-0.4777347393494318,0.49408100298201885,0.07743870858527745,-1.336975157065899,107136.87343906042,32310.293087835045,19911.705107658836,267941.4961808699,79578.90502563403,140506.62148463083,0.38042016111982974,1.0697137862003188,1.0699482692565931,0.31148151059309215,0.10430450560918375,2.372283689150501,0.7874808552456511,1.343717507978738,0.20405346690665055,0.011648629493720059,359.6927933658961,19.01468701902778,317.9617809107138,398.9527681133587,333.6647008109616,376.89042577950806,-0.10711486382550962,-1.4695290381422463
84,0.89068294,21.242302,2.1007266,1795.735726043755,358848.7628299988,0.019771349926818102,0.012901345897158599,-0.0016661373582192148,0.0442540926247753,0.007985938773258348,0.03189542960431087,0.17215031564197628,-1.2200274099423323,0.22066854060692803,0.028115593112411144,0.1761090403784186,0.25086246829675946,0.18876582941583755,0.24740584217612818,-0.30923330110135583,-1.6293883918024492,-0.0012748143219059973,0.016508341760952668,-0.02664343338098545,0.025119413342059912,-0.017778910922595953,0.013511624674342472,-0.029138827802860805,-1.3553373018369421,0.03785576726856726,0.619640339427266,-0.9968969358732561,0.9996940805290546,-0.6020373077728408,0.648638277182553,-0.1471231556589327,-1.4174331404375091,0.39020152837772143,0.4220405128381972,-0.22231161944526762,0.9997528384254547,0.0009657631874949641,0.8792401412533799,0.262321620854709,-1.5464627391469288,-0.02318254464898671,0.5265167144268813,-0.9999079785634816,0.9989072593873985,-0.4777347393494318,0.49408100298201885,0.07743870858527745,-1.336975157065899,107136.87343906042,32310.293087835045,21173.751887563223,267941.4961808699,79578.90502563403,140506.62148463083,0.38042016111982974,1.0697137862003188,1.0699482692565931,0.31148151059309215,0.10430450560918375,2.372283689150501,0.7874808552456511,1.343717507978738,0.20405346690665055,0.011648629493720059,359.6927933658961,19.01468701902778,317.9617809107138,398.9527681133587,333.6647008109616,376.89042577950806,-0.10711486382550962,-1.4695290381422463
41,0.8900746,21.259068,2.101003,1795.863726751366,358868.91300639947,0.019854663599769465,0.012900123422687426,-0.0016433247605873878,0.04425401946983398,0.007985926561086617,0.03190434032813113,0.17214410884102724,-1.2200292212605297,0.22066853984172735,0.028115591025930704,0.176103148484703,0.25082849988602934,0.18875969690596495,0.24744509049719834,-0.3092208557420843,-1.629063272986804,-0.001280957355532995,0.016486535360059056,-0.026642313628859743,0.02503721305353829,-0.017662765419487268,0.013511857701611334,-0.029138827802860805,-1.3552097541351034,0.03795347868654054,0.6196546113542192,-0.9968943069761964,0.999602120092304,-0.6020309200423721,0.6490903224516894,-0.14715331348194335,-1.418249844611207,0.39015229977082916,0.4220376691731506,-0.22237142612275532,0.9997535806617314,0.0011123462587407582,0.8787712358229258,0.2629443496617438,-1.5462954758281835,-0.02322631822252009,0.5259016542298383,-0.999907861409628,0.9987640348622447,-0.47773086239144713,0.49418039456665974,0.07604106238762476,-1.3328290017604534,107155.70232063091,32168.77304538096,21970.804393708037,267927.8225754367,79775.10551635532,140476.33122483385,0.4340749875036627,1.0781589530439732,1.069920972693469,0.3109481829286019,0.09640472493107058,2.372488826120475,0.757809725583065,1.3435403460312132,0.20372121680340446,-0.005890789036944847,359.7257337329129,19.061278443953842,317.9418649692387,398.0426585141658,332.6655422430331,375.52495919004804,-0.10727966226629729,-1.4788780083118758
76,0.8897289,21.276117,2.0979297,1795.9815386915911,358858.6473813222,0.01984684991141203,0.012900215066275492,-0.0016262672652075686,0.04425409980980953,0.007985923474428011,0.031900468803465164,0.17214410884102724,-1.220013354126032,0.2206685408867841,0.028123403087145577,0.17610902064413586,0.25085785952642065,0.18875970112289486,0.2474075630321888,-0.309285997413933,-1.62936466559245,-0.001280999881035457,0.015451917275414402,-0.026630101948150443,0.025089904022566747,-0.017704075888658802,0.013511528073569172,-0.027035480244140896,-1.3558468720247079,0.037953479698965537,0.6196464726619588,-0.9968224598775969,0.9996069318111099,-0.5960538548491977,0.6492988048523115,-0.14715917639550644,-1.418111223169498,0.3901221872536492,0.4220151354797052,-0.22379414923525873,0.999753840704362,0.0011127892492359393,0.8792334864752083,0.2646124562547748,-1.546290103635619,-0.0231815371691558,0.5259822768111398,-0.9999104358056728,0.99876403701805,-0.4777304961975042,0.4940482816877715,0.07600520234314642,-1.3328284696252786,107165.23275672836,32168.766661610985,21403.844799832048,267896.09374699934,79775.10551635532,140473.93600281622,0.4310367145193951,1.0730166329062205,1.0695246047614468,0.3109474724925449,0.10129398470269556,2.3724517825491103,0.7581896993964423,1.3436877357789907,0.2037467834103239,-0.005890789036944847,359.68669780885574,19.063716558521364,317.92184692347956,398.94528699883597,333.6871609189041,375.5411981043822,-0.10715485519517481,-1.4786375856690503
35,0.8895182,21.294195,2.0979278,1795.9815386915911,358858.6473813222,0.01984684991141203,0.012900127634656212,-0.0016262672652075686,0.04425524535634234,0.007985923474428011,0.03190438412245329,0.17214410884102724,-1.220013354126032,0.2206685408867841,0.028123403087145577,0.17610303387873907,0.2508288791683322,0.18875970112289486,0.2474451030294959,-0.309285997413933,-1.628456160266264,-0.0012809734125931258,0.015635814015241525,-0.02666924192467876,0.025089904022566747,-0.017702912868933364,0.013511760419236265,-0.029138827802860805,-1.3558468720247079,0.037953479698965537,0.6196464726619588,-0.9968945351763866,0.9996020983269007,-0.5960538548491977,0.649301927921546,-0.14715331348194335,-1.418111223169498,0.3901221872536492,0.4220151354797052,-0.22334885930160708,0.999741956319829,0.001113766262644581,0.8792334864752083,0.2646124562547748,-1.546290103635619,-0.023253742885999816,0.5259822768111398,-0.9999518651369931,0.99876403701805,-0.4777304961975042,0.4940448580300204,0.07600984439966697,-1.3328284696252786,106912.78278658133,32168.766661610985,21970.804393708037,266238.17856117774,79775.10551635532,140473.93600281622,0.4310367145193951,1.0730166329062205,1.0695246047614468,0.3109317513572164,0.10129398470269556,2.3724517825491103,0.7579049421908938,1.3436877357789907,0.20372121680340446,-0.005890789036944847,359.7168421942796,19.061278443953842,317.9215851705751,398.94528699883597,332.6655422430331,375.5411981043822,-0.10715485519517481,-1.4786375856690503
2,0.88888866,21.317766,2.1003337,1795.982947180502,358858.68166329217,0.01984700107894992,0.012900158202391232,-0.0016262672652075686,0.04425398754088203,0.007985923474428011,0.031902915591470064,0.16035050840945453,-1.2200298008452866,0.2206682325188692,0.028123403087145577,0.17610303387873907,0.2508288791683322,0.18875970112289486,0.2474451030294959,-0.3092871167845882,-1.6284850030391784,-0.0012809734125931258,0.015637446496587666,-0.026669739365272324,0.025090049542176862,-0.017670234307194457,0.01351152822894123,-0.029276128106259316,-1.3558390248242786,0.03795331628064349,0.6196404935445066,-0.9968945351763866,0.9996020983269007,-0.5978375261619567,0.649301927921546,-0.1471511430021249,-1.417455212559678,0.3901221872536492,0.42201633623592766,-0.22334885930160708,0.999739528731941,0.001113766262644581,0.8791176373066977,0.26467784060561567,-1.546290103635619,-0.023253742885999816,0.5259822768111398,-0.9999518651369931,0.9984231159308848,-0.47808238347065735,0.4940454376032823,0.07659556763661658,-1.3328284696252786,106912.11590174254,32255.669602814465,21970.804393708037,266238.17856117774,79775.10551635532,140510.416629796,0.4310367145193951,1.0730123542040082,1.0695248030306073,0.3109317513572164,0.09877400723742959,2.3724517825491103,0.7579049421908938,1.3437653510857428,0.18968332608770216,-0.005890789036944847,359.7168421942796,19.276341329998658,317.91817655260985,398.93962719817443,333.62267679405824,375.5411981043822,-0.10715489248609465,-1.4776932681233648
7,0.8872769,21.332245,2.096733,1785.992183360977,358848.50864962634,0.01977801046904597,0.012896463230959703,-0.0016226723749245993,0.04429520524174855,0.007985827452296848,0.03190238477664273,0.17212795641055526,-1.2203007031169228,0.2206677870885861,0.028122895103937992,0.17610418747031853,0.2508622622382243,0.18876626743465527,0.24744494173688492,-0.3089444589399476,-1.6294460344203838,-0.0012750790497392073,0.01571553365693742,-0.02665300156310567,0.02511882392951588,-0.01771662624813641,0.013512454802696708,-0.02689567488614715,-1.3628545294704606,0.0378347100739805,0.6189072933439029,-0.996867017026424,0.999582623894713,-0.5965482682773586,0.6485228157141053,-0.14679375043465517,-1.4173953532345498,0.3900949027959253,0.42201853972150133,-0.2229128759089181,0.9997416260858778,0.0001652467239786828,0.8778944069318747,0.2657565655368788,-1.5469270318364015,-0.023254206718177847,0.5187688883960102,-0.9999157136574662,0.9987401437471741,-0.47777956597180143,0.49440146100346294,0.07602477914182384,-1.336399887798168,107106.33971921829,32169.22950266479,21981.636360425713,266212.4091162399,79431.51609956812,140860.4929637965,0.39227990953168246,1.0315498356333486,1.062940074156182,0.3123744746948089,0.17408076361607555,2.362443325266429,0.7578375112016262,1.2519162371186616,0.21466094421650272,-0.006461292450895821,359.5479685195363,18.760649749072677,317.89778743668984,397.5814590247888,332.6888721251165,376.3612104925676,-0.10715472403195903,-1.4814623192324268
86,0.886969,21.34432,2.0974092,1785.9425087065395,359190.6394994201,0.019778249940182322,0.012900002306908253,-0.0016226723749245993,0.044293842396321254,0.007985846665128441,0.03190248389623584,0.17212795641055526,-1.220265421518198,0.22066847358382144,0.028122895103937992,0.17610303187186696,0.25086366242958746,0.18876597494845468,0.24744742374173903,-0.3089444589399476,-1.6294480827661553,-0.0012736833571684607,0.015714627040578674,-0.02665300156310567,0.0250941718584674,-0.01771662624813641,0.013512045948129816,-0.026883098370067134,-1.3628545294704606,0.0378347100739805,0.6189326159733524,-0.9968945172872243,0.9995790551830931,-0.5965482682773586,0.6485228157141053,-0.1471841877766913,-1.4174433154924562,0.3901195196219551,0.42201853972150133,-0.2229128759089181,0.9997416260858778,0.0001652467239786828,0.8779008694965091,0.2657565655368788,-1.5469361154633898,-0.023254206718177847,0.5197817717337586,-0.9999157136574662,0.9987539299017564,-0.47777956597180143,0.49438645583260765,0.07602477914182384,-1.3364937854263705,106913.10008196329,32169.22950266479,21981.636360425713,266212.4091162399,79536.80601910737,140854.77954522305,0.39227990953168246,1.0316617017669139,1.0625545729812373,0.3123744746948089,0.17408076361607555,2.3630474151805054,0.7578375112016262,1.2519162371186616,0.21466094421650272,-0.005933042240068689,359.5481291130058,18.740058065196244,317.89778743668984,397.5814590247888,332.6888721251165,376.3454263858893,-0.10715472403195903,-1.4878837654297228
28,0.88661784,21.355394,2.0956004,1785.9425087065395,359190.6394994201,0.019778249940182322,0.012900002306908253,-0.0016226723749245993,0.044293034445102776,0.007985846665128441,0.03190248389623584,0.1730976331086985,-1.2180984512939403,0.22066847358382144,0.028122895103937992,0.17610299277819372,0.2508860034164323,0.18876578876999472,0.24744742374173903,-0.3089444589399476,-1.6294480827661553,-0.00127362626266892,0.015714627040578674,-0.026653198543396844,0.0250941718584674,-0.01771662624813641,0.013512552440550142,-0.026927081416296655,-1.3628545294704606,0.03783294078527449,0.6189326159733524,-0.9968682867466349,0.9995790551830931,-0.5965482682773586,0.6485207443853523,-0.1471841877766913,-1.4174473208966818,0.390148955272179,0.4211955083672993,-0.2229128759089181,0.9997410329443143,0.0001652467239786828,0.8779008694965091,0.2657565655368788,-1.5460461539663186,-0.02329788944945533,0.5188132142094508,-0.9999157136574662,0.9987524112832373,-0.4777795726561594,0.49438645583260765,0.07602477914182384,-1.3364937854263705,106913.10008196329,32169.333010729442,21981.636360425713,251675.90272961117,79536.80601910737,140854.80386420753,0.39227990953168246,1.0316617017669139,1.0625545729812373,0.31227393207340615,0.1740288367741812,2.3630474151805054,0.7537173649794471,1.2519162371186616,0.21466094421650272,-0.005934757101973437,359.5481291130058,18.99274236535835,317.89778743668984,398.86589241517987,332.6888721251165,376.3454263858893,-0.10715472403195903,-1.4813741803142013
5,0.8859593,21.382257,2.0981789,1785.927058813904,359185.3306518183,0.019847535145378205,0.012900345247504651,-0.0016683184717558206,0.044294058374238596,0.007985875876345508,0.03190248745194001,0.16194491918600484,-1.2199999189223,0.22066843572060343,0.028122925301689458,0.17611498302192383,0.25088552883207976,0.1887659814331281,0.24745077070358917,-0.3091906800202948,-1.6294127569225327,-0.0012741598603024484,0.01567215657184322,-0.02665300156310567,0.025094480132713648,-0.017766674670580705,0.01351244202089266,-0.026671833071050803,-1.3563103893905102,0.037708551175335635,0.6199230936103008,-0.9968692363709908,0.9995796107501604,-0.5964872548773742,0.648522773423933,-0.1471473345218098,-1.417447968146027,0.3901195196219551,0.42201855138688715,-0.22292011639566522,0.9997416260858778,0.0011882460648153974,0.8768911275901455,0.2657565655368788,-1.5453707984957727,-0.023253741935377808,0.5258701813425013,-0.9999157136574662,0.998754382976549,-0.47777956597180143,0.49437913416720536,0.07602482515562575,-1.3364766723346062,106912.7362554072,32169.188667774706,21966.249324082117,266066.8632307611,80353.45754797656,140863.81087233865,0.39227990953168246,1.0294477435999216,1.0626723711817208,0.3123741012989371,0.17408076361607555,2.3617023017187657,0.7885692844992186,1.2480738138134848,0.21466094421650272,0.0032256340150724414,359.55035219971825,18.992787578525782,317.7321103955806,398.8365217438543,332.82205272038107,375.57806671840007,-0.10713028519703079,-1.4880412823495826
13,0.8851354,21.404074,2.0970955,1785.9425087065395,359190.6394994201,0.019778249940182322,0.012899964228913619,-0.0016226723749245993,0.04429474691451245,0.007985837419158816,0.03190248389623584,0.15868264437978083,-1.220265421518198,0.22066847358382144,0.028122895103937992,0.1761039542720991,0.25086366242958746,0.18876598194379715,0.247448895081814,-0.3090936258673292,-1.6294478113551023,-0.00127509963959788,0.015664505130197282,-0.02664996194088461,0.0250941718584674,-0.01771848286999604,0.013512045948129816,-0.026948972804234146,-1.3628545294704606,0.0378347100739805,0.6189389715458585,-0.9968945172872243,0.9995790551830931,-0.5965468997533167,0.6485228157141053,-0.14715121506233675,-1.4174422795557726,0.3901170004292971,0.43482100124467066,-0.2229154798625171,0.9997347149108509,0.00018941607985608418,0.8779259507726861,0.2658216002581662,-1.5469168525095538,-0.023254206718177847,0.5188951027980128,-0.9999157136574662,0.9987535424976612,-0.47777956597180143,0.49438645583260765,0.07602477914182384,-1.3364937854263705,107103.21716541277,32173.293319607477,21981.636360425713,266033.18160482345,79536.80601910737,140854.76045367811,0.33567960451060613,1.024262534986545,1.062802977871265,0.3123744746948089,0.17408076361607555,2.363060910630268,0.7575306073439645,1.2506973681416491,0.21466094421650272,-0.005933042240068689,359.5481291130058,18.740559838956695,317.89778743668984,397.5814590247888,332.63172621602257,376.3087481237082,-0.10715472403195903,-1.4879972127768861
45,0.88463926,21.419968,2.0901928,1784.0604425021954,359190.5065517205,0.019846795652838953,0.01289998569768804,-0.0016260024269478975,0.044255245553748886,0.007985846665128441,0.03190248745194001,0.16186622139950346,-1.2202635517854215,0.22066847358382144,0.02812293037920432,0.17610303187186696,0.25086366242958746,0.18876598570848505,0.24744742374173903,-0.30923705716850003,-1.6293813712273721,-0.001273676827841944,0.015715218420995228,-0.02665300156310567,0.0250941718584674,-0.0169914217955898,0.013512454324293058,-0.026308959509862246,-1.3629233394637357,0.03783574431673486,0.6191213236392182,-0.9968945172872243,0.9995790551830931,-0.596327339651259,0.6485194350278344,-0.14718573230594814,-1.4174433154924562,0.3901195196219551,0.42201853972150133,-0.2229149418920483,0.9997416260858778,0.0001652467239786828,0.8778764013271504,0.2658875960662815,-1.5468423332041832,-0.023253784895916188,0.5198865960171385,-0.9999517992830885,0.9987539299017564,-0.4780553091411228,0.494044908135116,0.07602585891562878,-1.336489266766294,106913.10008196329,32169.445088787506,21853.24734121445,266212.4091162399,75839.52313813657,140562.40426963422,0.4309201638724454,1.0316617017669139,1.0628228126296877,0.3123677461509172,0.17408076361607555,2.379137202777566,0.7579953155390077,1.2518314586625363,0.21519739335951948,-0.005933042240068689,359.55035219971825,18.992922505751807,317.74015986916305,397.66627101839293,332.6907666964287,376.3454263858893,-0.10715472403195903,-1.4878837654297228
52,0.8842606,21.438839,2.0881069,1785.6316075870038,359190.3886507867,0.019778580632194454,0.012900002434305948,-0.0016393943051529788,0.044255245553748886,0.007985832358137579,0.03190249373173471,0.1605389426441846,-1.2202754128353732,0.22066847358382144,0.028109086104025044,0.17610303187186696,0.2508850631132658,0.1887659930016971,0.24744841720909247,-0.30919223128711437,-1.6293946410720663,-0.001273676827841944,0.0157001858732998,-0.02665289262202373,0.0250941718584674,-0.016980882228399177,0.013512440184879767,-0.026775765914075666,-1.3683029010267462,0.03785082155378713,0.6194714516040365,-0.9968683705096,0.9995785914348405,-0.6021040190998311,0.6485434683518762,-0.1471488327018099,-1.4174467078763358,0.3901195196219551,0.4219903779976772,-0.22291494314863086,0.9997416260858778,0.0001652467239786828,0.8778764013271504,0.2658875960662815,-1.5468423332041832,-0.023253802185695328,0.5197772974689836,-0.999951045354008,0.9987544337351043,-0.4777746765952212,0.4943963318488523,0.07716972711871674,-1.336509967802211,106911.45437931389,32169.445088787506,21982.472607485004,266212.4091162399,79514.81769183824,140559.81375176567,0.3954733834836093,1.0316617017669139,1.0625554837523117,0.3124743717435067,0.17421149105036232,2.3746425888606164,0.75779520356723,1.2518883367759404,0.21508316007989736,-0.005933042240068689,359.5285126014411,19.244138678112055,317.73247277488093,397.6656100556845,332.6854120782687,376.3454263858893,-0.10715472403195903,-1.487903122699384
42,0.88305503,21.451363,2.086078,1785.9425087065395,359175.7985638701,0.019845471359300343,0.01289996893449918,-0.0016226723749245993,0.044293842396321254,0.007985822088317938,0.03190248389623584,0.16179335933422168,-1.220265421518198,0.22066847358382144,0.028122895103937992,0.17620120516780813,0.25086366242958746,0.18876597494845468,0.2473291335541375,-0.3089444589399476,-1.6293812818851818,-0.0012779344445293577,0.015742713465562573,-0.02665300156310567,0.02509445860468057,-0.016943859370592312,0.013512045948129816,-0.026883098370067134,-1.3628545294704606,0.03762736188219434,0.6189326159733524,-0.9968945172872243,0.9995812968860236,-0.596355923797474,0.6485228157141053,-0.1471841877766913,-1.4174433154924562,0.3901195196219551,0.43355141274210435,-0.22381545692660304,0.9997416260858778,0.00017396222562693456,0.8779008694965091,0.2657565655368788,-1.5469361154633898,-0.023254206718177847,0.518814405101441,-0.9999157136574662,0.998749346362196,-0.4780375182918917,0.49438645583260765,0.07602477914182384,-1.3364937854263705,106913.10008196329,32169.22950266479,21982.122834488553,266655.8360718872,79536.80601910737,140858.61796190857,0.39227990953168246,1.0320964724157038,1.0700094117289431,0.3123744746948089,0.17399246174284894,2.316773251547884,0.7578375112016262,1.2519162371186616,0.21466094421650272,-0.005933042240068689,359.5273468810397,18.740058065196244,317.91777401168935,398.97641195680984,332.6888721251165,376.3454263858893,-0.10715482578784467,-1.4877292393178616
64,0.88254553,21.478176,2.098946,1787.9225047483255,358838.1427206912,0.01977790396949139,0.012896234519469342,-0.0016205110420316122,0.04429825299979603,0.00798152493485682,0.031902384417642767,0.15883771798087792,-1.2199222875853093,0.22066778728849926,0.028116108736597898,0.17610986977160914,0.25086230303971724,0.18875987929572796,0.2473284096266247,-0.3091901240433312,-1.6293795257259596,-0.0012751345740512527,0.015665651306337056,-0.026678530384983468,0.02511884000320948,-0.017692967048541317,0.013512459587107733,-0.027894770695190814,-1.3627836096684893,0.03763411632345579,0.6195800729156369,-0.9968673219561054,0.9996657173652982,-0.6015764563192182,0.6485282247962815,-0.1467882419925608,-1.4173968637964571,0.3906318838102327,0.42230269758460665,-0.22379608702542414,0.9997405983200678,0.0009601220821346245,0.8793150054559971,0.26477763782406816,-1.55064981646186,-0.02404208817132773,0.5188685391678487,-0.9999131161576628,0.9987400806745574,-0.4780778302341605,0.4944014626346566,0.0751690692231454,-1.3364346810657561,107106.96282221159,32169.0516026186,21981.93209797007,251949.6533137688,75821.72495717881,140860.50301679043,0.39204600449938787,1.0271267574686704,1.0700392965744143,0.3123764373240357,0.1740484905753067,2.319194919861277,0.7534046527725828,1.2510823079633675,0.21505401564768678,-0.026914164445290746,360.221986293004,19.303440348485342,317.63068014706226,398.0160192928754,341.5083837841928,376.4242113281618,-0.10713177868562179,-1.481198418228443
91,0.88245475,21.48676,2.0831623,1795.4217903411832,359190.6394994201,0.019777343769516315,0.012900160740720675,-0.0016226723749245993,0.044295645986106975,0.007985846665128441,0.031902596507256305,0.16075288302712445,-1.220265421518198,0.2206684587594595,0.028122895103937992,0.176104069708445,0.25085530304274184,0.18876597494845468,0.24740643736222245,-0.3092847166435376,-1.6294764942138003,-0.0012736833571684607,0.015631660206151518,-0.026653805467581174,0.025098276525179278,-0.017011504144999693,0.01351151049337426,-0.02699058764623605,-1.36288539879356,0.037850610953053726,0.6189375985312893,-0.9968689343479391,0.9996927685426146,-0.6029511831431578,0.6486768207425933,-0.14718690671942736,-1.417443317125673,0.3901192251789719,0.4220396877592271,-0.2229128759089181,0.9997392607459064,0.0009484574241159759,0.8778753322726724,0.2661373265120633,-1.5464534326078443,-0.023253996479217085,0.5188380870957167,-0.9998193265150946,0.9983907497853578,-0.4780557112494956,0.49438511021813825,0.07602675246755289,-1.3368563845439168,106920.03760889926,32169.22950266479,21981.636360425713,243768.29454793705,79825.45282074883,140854.77954522305,0.2617172621748487,1.0313848111213502,1.0625545729812373,0.3123744746948089,0.17408076361607555,2.362958646322522,0.7567298062195876,1.2537903253206806,0.21251530053000264,-0.030677729433689665,359.5481291130058,18.740058065196244,317.89777236652765,397.697774053248,332.6800661700689,375.5527392876481,-0.10715437593443151,-1.4878837654297228
61,0.8820261,21.505747,2.0815902,1787.9594273247196,359190.6394994201,0.019778249940182322,0.012899964228913619,-0.0016226723749245993,0.044295063358528675,0.007985837419158816,0.03190248389623584,0.1586734708495261,-1.2200027655679024,0.22066847358382144,0.028125151870462432,0.1761045719897611,0.25086366242958746,0.18876598194379715,0.24746133488295316,-0.3090936258673292,-1.6294478113551023,-0.00127509963959788,0.015664505130197282,-0.02664996194088461,0.0250941718584674,-0.01693625649704996,0.013512045948129816,-0.03160980148607281,-1.3627797732374458,0.0378347100739805,0.6189299256793557,-0.9968680627434848,0.9995790551830931,-0.596664913896408,0.6485229684319418,-0.14677889073416256,-1.4173977389377452,0.3901170004292971,0.43484146147665637,-0.2229154798625171,0.9997406870468138,0.0001872376906578247,0.8778912629944333,0.2658216002581662,-1.5469168525095538,-0.023254206718177847,0.5188951027980128,-0.9998127208477169,0.9987410965337448,-0.47777956597180143,0.49438645583260765,0.07604981086161879,-1.3364937854263705,107103.23182086989,32173.295529455372,21978.18117364046,266033.18160482345,75692.08808702526,140854.43337298388,0.33567960451060613,1.024262534986545,1.062802977871265,0.3123744746948089,0.17408076361607555,2.3201101692347117,0.7532363433211927,1.2506288311099996,0.21466094421650272,-0.005933042240068689,359.54885318548213,18.751463900444183,317.89778743668984,397.58195995584117,332.5594840154264,375.54935417534864,-0.10715472403195903,-1.480972048494657
81,0.8813308,21.52221,2.0827086,1780.0307198019339,359180.56745382777,0.01981034219952839,0.012900303690558322,-0.00166679424545869,0.04429744205364789,0.007984822961400753,0.03189938473697422,0.16330110623284808,-1.2160522538543135,0.22066419995245093,0.028111935827956142,0.1761239991142152,0.25085539235829785,0.18876668469042987,0.24744144833767945,-0.3092166332369996,-1.6293706837631265,-0.0012753046751962155,0.01573847221121847,-0.026597042693478543,0.02503097568818619,-0.017012326986206104,0.01351449935605753,-0.029185587913814894,-1.3580793880140631,0.038038948429491806,0.6198860048065925,-0.9967884302086447,0.9996904751678765,-0.6031937980213837,0.6485787514750492,-0.14679162937011006,-1.417380244887263,0.39059126661371435,0.433916342274247,-0.2313958146140033,0.9997208678915589,0.0028248163507526665,0.8796696132603817,0.26231383671516967,-1.5510044602550375,-0.024020076245373424,0.5195251211895017,-0.9999031488221369,0.9987562427678088,-0.4792318546059595,0.4937059144549409,0.06955424806352023,-1.3369480467888044,107103.85292639598,32173.252176747646,19868.83998544837,251712.34729661213,78718.81342111935,140890.77006444422,0.43191635571327436,1.0281271993457297,1.0698826107404418,0.3138660804162342,0.16574433095258018,2.3111159326092126,0.7534039378168526,1.2602913471888009,0.2146996382068641,-0.02680189434528937,359.76830422693104,19.26807236885237,317.91381789108067,398.88563086085867,332.5215888337219,375.79392144008966,-0.10689072320408305,-1.4813339094397875
11,0.880777,21.542517,2.0886614,1787.99161613859,359202.3693425859,0.01977859314874389,0.012899977802604733,-0.0016392646366954822,0.04425046656079551,0.007985837579687776,0.031902468084760105,0.1588014699838909,-1.218013351992045,0.22066843932782923,0.028109086314815554,0.17610253612559593,0.25088572131242776,0.18876580119321845,0.2474487566976789,-0.30919378114661833,-1.629379449457273,-0.0012750232213756298,0.015665468617169644,-0.026678571563295565,0.025115835638344644,-0.016964378980834312,0.01351254139826127,-0.02792531792856716,-1.3552811990112117,0.0378591775668462,0.6197415232103844,-0.9968684047448176,0.9996628107896879,-0.596126734471708,0.6485459151424671,-0.1471488580713106,-1.4174473498307842,0.39061183843038916,0.4345111625701512,-0.22281333917156546,0.9997445996832515,0.0009665827417634663,0.8791807912965613,0.26582448568846817,-1.546055187950302,-0.02402272966700455,0.5188872153194581,-0.9998169537435263,0.9987376175276496,-0.47778267971231375,0.4937095418145715,0.07722290809700715,-1.3341819457264197,107104.05989129459,32173.25265859721,22014.008231598742,251993.16043487837,79513.55886247015,140857.85343391058,0.37889343382729845,1.0244111466681116,1.0700392965744143,0.31227355796938183,0.16534039171390907,2.3185641462631112,0.7534046527725828,1.2520869021039478,0.21476174124825761,-0.005777614581981569,359.73803119651774,18.9983432926782,317.63150249934307,398.84482001120205,341.8408259577225,376.308747167247,-0.10713174171022291,-1.4801013028010537
37,0.8796725,21.551868,2.09113,1795.735726043755,358867.78099611046,0.01984539456243181,0.01289913796108909,-0.0016243532181369053,0.0442540464033651,0.00798591196115391,0.03190115502544688,0.16007959307280464,-1.220015523495918,0.22066434537645369,0.028115132193621925,0.17621978521222242,0.2508086560003097,0.18875980451068253,0.24744695093918467,-0.3092210033693719,-1.6293811369739908,-0.001280965672296169,0.01570776656379721,-0.026669212086398098,0.025063975591174303,-0.017670636174325623,0.013511545061150926,-0.02918885670297185,-1.3560896026903815,0.03785581038742475,0.6203075918424137,-0.9968919000719891,0.9990686518599725,-0.6020855522541915,0.6486974474629295,-0.14715564545635418,-1.4174114990003668,0.39063354059339145,0.4339223300038637,-0.22389950439272008,0.9997528384254547,0.00012186457584723167,0.8792065274837377,0.26559807826160614,-1.5452314288227884,-0.023230826758910344,0.5188615716095181,-0.9998010607797271,0.9989072593873985,-0.4768485245238059,0.4940858178732212,0.075732979710537,-1.3366644663861622,107159.61802774765,32178.878604708574,21706.041345496007,251864.02269545323,75727.27103760127,140860.5248242259,0.2778834503242848,1.071165219410284,1.0699225462785695,0.31143121751511654,0.09870759220465963,2.370914479685208,0.7530543108512996,1.2462082873256803,0.2182729310256128,-0.004070320341254334,359.7841766692973,19.265700627949848,317.9572931355726,398.4559569623394,333.63577985028263,376.8399884934794,-0.10711475188319408,-1.479421083493389
78,0.8792374,21.552774,2.093304,1787.9225047483255,358838.1427206912,0.019810028830833465,0.012896234519469342,-0.0016211845915015536,0.044250447218184885,0.007984841173331576,0.031902384409228136,0.15919789487327587,-1.2199216671451836,0.22066781621456744,0.02810793164254174,0.17621554347012772,0.2508623021797882,0.18875987929572796,0.2473284096266247,-0.3091901240433312,-1.6290115008319617,-0.0012751359457222394,0.015756998949460387,-0.02667874944877795,0.02509868592271493,-0.0172826246170975,0.013512459587107733,-0.027913235233288015,-1.3563279175629959,0.037634115291842705,0.6195800729156369,-0.9968674250857976,0.9990034629138733,-0.6015298562571223,0.6485282247962815,-0.1467882419925608,-1.4173968637964571,0.3906376623234136,0.43445746777903743,-0.22379608702542414,0.9997405908679721,0.0009529606235588337,0.8793150054559971,0.26479236695128294,-1.5461489204560124,-0.02404210200229722,0.5188698468219161,-0.9998169563114279,0.9987401011837846,-0.4780778302341605,0.4944017520709051,0.07516907811707567,-1.3340127768211765,107101.0245929479,32173.252979388155,21971.613062831973,251907.8373840137,75823.79866746017,140860.5030543653,0.3754914036856029,1.02922081477872,1.0701003287228417,0.31187348246995106,0.16603993244429258,2.3167543082247675,0.7534046527725828,1.2529754746148136,0.21504694077818973,-0.026914164445290746,360.221986293004,19.303440348485342,317.64033429170917,398.9385344943723,341.601093916989,375.58238961309354,-0.10713177868562179,-1.4811956321457378
57,0.878771,21.56984,2.0860374,1787.9225047483255,358838.1427206912,0.019810028830833465,0.012896234519469342,-0.00166657668480621,0.04425044452737648,0.007981576699398652,0.031902384409228136,0.15883771798087792,-1.2199990659267232,0.220668400963033,0.028115932196863935,0.17621554347012772,0.25086230913246715,0.18875987929572796,0.2473284096266247,-0.3091904609181221,-1.6293795257259596,-0.0012751359457222394,0.015665651306337056,-0.026678903739003106,0.025033028236536758,-0.01696201520939232,0.013512459587107733,-0.027913235233288015,-1.3560946388293809,0.03763411797561992,0.6195800729156369,-0.9968672233672994,0.9996657173652982,-0.6015133553975942,0.6485282247962815,-0.1467882419925608,-1.4173968637964571,0.3906380985106028,0.43445774400361775,-0.22379608702542414,0.9997407166531977,0.0009605277326737493,0.8792172529246319,0.26523465573880056,-1.55064981646186,-0.024039888920134023,0.518870059026003,-0.9998169542874059,0.9987400806745574,-0.47993435708155063,0.4936959257857832,0.0751690692231454,-1.3340127804370345,107103.68094372815,32173.252979388155,21713.746102257603,251947.63938431878,75821.72495717881,140860.5030543653,0.3754914036856029,1.026920574009423,1.0700392965744143,0.31226533647007415,0.16603993244429258,2.319194919861277,0.7534046527725828,1.2506296680549094,0.21505401564768678,-0.026914164445290746,359.7494875609991,19.30185723340352,317.62590230759355,398.0200206044879,341.60112004743627,375.58238961309354,-0.10713177868562179,-1.4811956098993082
18,0.87844014,21.58387,2.0866017,1787.9225047483255,358838.1427206912,0.019810028830833465,0.012896234519469342,-0.00166657668480621,0.044250447218184885,0.00798152493485682,0.031902384409228136,0.15883771798087792,-1.2199222875853093,0.2206678070114097,0.028115932196863935,0.17621554347012772,0.2508623021797882,0.18875987929572796,0.2473284096266247,-0.3091901240433312,-1.6293795257259596,-0.0012751359457222394,0.015665651306337056,-0.02667874944877795,0.02511883849731537,-0.01696201520939232,0.013512459587107733,-0.027913235233288015,-1.3560946388293809,0.03763411632345579,0.6195800729156369,-0.996867324449107,0.9996657173652982,-0.6015298562571223,0.6485282247962815,-0.1467882419925608,-1.4173968637964571,0.3906376623234136,0.434457478314193,-0.22379608702542414,0.9997405983200678,0.0009601220821346245,0.8793150054559971,0.26479236695128294,-1.55064981646186,-0.02404208817132773,0.5188698468219161,-0.9998169542874059,0.9987400806745574,-0.4780778302341605,0.4944017520709051,0.0751690692231454,-1.3340127768211765,107101.0245929479,32173.252979388155,21971.613062831973,251949.6533137688,75821.72495717881,140860.5030543653,0.3754914036856029,1.0270275400207325,1.0700392965744143,0.31226533647007415,0.16603993244429258,2.319194919861277,0.7534046527725828,1.2507086238416167,0.21505401564768678,-0.026914164445290746,360.221986293004,19.303440348485342,317.62590230759355,398.0204148151687,341.601093916989,375.58238961309354,-0.10713177868562179,-1.4811956098993082
59,0.87745386,21.600592,2.0962281,1785.6307166604013,358833.54754302785,0.019771927943727823,0.01289909644283297,-0.001625278833371667,0.0441310881864768,0.007974467050175123,0.03190258838590038,0.16054197678703325,-1.2200157364590736,0.2206678103380701,0.028108597220671487,0.17619422472997856,0.25085263055337176,0.18875932129597492,0.24744649713352657,-0.3092191572074024,-1.6293812431714323,-0.0012751359457222394,0.015665651306337056,-0.026671239082076643,0.023036183355184023,-0.017014088366529206,0.013507772541003231,-0.02785909411788329,-1.3560077943453752,0.037863960759945366,0.6195795413310538,-0.9967804594907919,0.9996865363491666,-0.6030642507664398,0.6486917235989381,-0.14636750639282856,-1.4173907111758068,0.3906381727156475,0.43445671598020585,-0.22364453627308917,0.9997401934586716,0.0009526873824358068,0.8791128998975639,0.26560104326474815,-1.5506248343056,-0.024042107778844635,0.519854226055061,-0.9998169542874059,0.9987453817780311,-0.4780779378457038,0.49442132831104196,0.07509308475151022,-1.336991051602958,107166.69759704909,32170.06703740676,21970.40545194399,266818.96757728263,77031.32162732781,140860.5030543653,0.43780557195873804,1.0271360037904234,1.0700949794439838,0.3109447345306692,0.16672328024150457,2.3712367674299895,0.7534161766182466,1.2460162920188973,0.2151971290137662,-0.006068179380911698,360.2803795845601,19.07515995157474,317.91741195005216,398.8875833204722,342.34146182906636,377.35720782631057,-0.10713971602629052,-1.4812063774168973
55,0.87678754,21.606085,2.0871627,1781.6975157773288,359175.10807496443,0.01977745050906621,0.012892047009845744,-0.0016241925104862349,0.04424360084217088,0.007985849101461499,0.031902589285278955,0.16050956535061114,-1.2199975804600784,0.22066849228082008,0.02811543948152302,0.1761940117441157,0.25082851334545586,0.18876580050284816,0.24744413100242005,-0.30922869706536804,-1.6293705647234789,-0.0012734724224955037,0.015602734227004422,-0.02664857167004534,0.025093929418009055,-0.01696005556275905,0.013512252092286096,-0.029114964187294513,-1.3564687871737238,0.03785701397327505,0.6196358060321403,-0.9968712572222124,0.9996657120129852,-0.6021457640993266,0.6486979836796125,-0.1467789250859131,-1.4256803660554362,0.3906555639487907,0.43381540633958166,-0.22381811873055563,0.999741432516038,0.0009546252351882289,0.8778812239116153,0.26589385942204735,-1.5509435102704516,-0.024060072844437973,0.5188896396695086,-0.9998323854989093,0.9987499503251966,-0.47803591309680077,0.4937003367463075,0.07519508721290309,-1.3339933191105224,107103.82038203497,32169.603148179624,21971.706050768225,266478.8385391168,75873.0490347612,140547.45255098495,0.27732966998311154,1.0238500852122285,1.0626258565280922,0.31239090828333943,0.1664388314187311,2.3193028265183573,0.7534054117620518,1.2506204274024426,0.21462520039795122,-0.005946061229245777,359.5486478464653,19.177385026027434,317.89797136215213,398.86676020061617,342.3542753943353,375.58933673739915,-0.10706734044915679,-1.4811947185800673
36,0.87616414,21.618628,2.0827894,1781.29514270853,359176.2058381714,0.019844110854783874,0.012900421553781996,-0.001624132259760997,0.04424813435872571,0.007984792567281088,0.03190231043875198,0.16205211203979797,-1.2202637590703087,0.22066852470996964,0.028115916380566982,0.17619443571258983,0.2508285177162594,0.1887658170674302,0.2473259961884184,-0.30922869706536804,-1.629379570608457,-0.0012778489568007268,0.015739727129772403,-0.026636252934504702,0.025094457167940228,-0.01696005556275905,0.013512248994621275,-0.02901208947150445,-1.3561888350130769,0.03762716953613269,0.6195745138201162,-0.9968673817033119,0.999665837114338,-0.6021457640993266,0.6486983823511857,-0.1467959587726659,-1.425910682510681,0.39008931666140323,0.43381540633958166,-0.2238164934394203,0.9997414226817902,0.0009529391768511495,0.879739004259339,0.26589385942204735,-1.5510128619881305,-0.024042094820054774,0.5188562141691273,-0.9998169542874059,0.9987492322140318,-0.47803643814290564,0.49373433207197237,0.07516939060144562,-1.3341062781383237,107103.38057063446,32173.032866751975,21971.706050768225,243717.53333239022,75862.29287081209,140547.45255098495,0.34508978091899034,1.0320858070580463,1.070111530175344,0.31239348091264324,0.16632229377101967,2.316933060973215,0.753404627991223,1.2453301152960679,0.21519663994153926,-0.006033058583678119,359.52594054151393,19.245892793817564,317.91758477483825,398.9080379073657,342.35283091471035,375.5895877001101,-0.10713122167378045,-1.4811788147981149
43,0.87557924,21.63178,2.084389,1781.29514270853,359176.2058381714,0.019844110481567923,0.012891844854151511,-0.001624132259760997,0.04424360084217088,0.007984741286077205,0.031902589285278955,0.16050956535061114,-1.219997137557352,0.22066771998559293,0.028115735073814943,0.17619422475042215,0.2508285177162594,0.18876580182815314,0.24744413100242005,-0.30922869706536804,-1.6293705647234789,-0.0012735537222056715,0.015602675827466656,-0.026637667868675503,0.025034126664413864,-0.01696005556275905,0.013512252092286096,-0.029114964187294513,-1.3561186192445156,0.03785701397327505,0.6195730839967052,-0.9968711906745912,0.9996657120129852,-0.6021457640993266,0.6486979836796125,-0.1467872234131107,-1.425910682510681,0.3906384160590573,0.43381540633958166,-0.22381811873055563,0.999741427349335,0.0009546252351882289,0.8791868872991995,0.26589385942204735,-1.5509435102704516,-0.024023185160791154,0.5188560191806653,-0.9998189938378719,0.9987489347879773,-0.47803643814290564,0.4937003367463075,0.07509340612981043,-1.334010094280241,107103.82358700034,32169.91306102522,21971.706050768225,244669.27289625412,75873.0490347612,140547.45255098495,0.27732966998311154,1.0320858070580463,1.0687738213751035,0.31239090828333943,0.16632071415619806,2.371830587403719,0.7534054117620518,1.245322417383777,0.21520809000478264,-0.00711520404204815,359.5309212915326,19.247243010529786,317.9175809989593,398.9082224389927,342.3542753943353,375.58933673739915,-0.10706734044915679,-1.4811947185800673
0,0.8750127,21.64176,2.0883138,1785.6307166604013,358835.3677314752,0.019842439906395875,0.01289175321594174,-0.001624132259760997,0.044135125198761074,0.007984812130368857,0.03190258838590038,0.16054197678703325,-1.2200157364590736,0.2206677927459117,0.028108597220671487,0.17619422472997856,0.25080856954496866,0.18876580143423544,0.24744649713352657,-0.3092191572074024,-1.6293812431714323,-0.0012751359457222394,0.015665651306337056,-0.026672468246641247,0.022826523278112645,-0.017014088366529206,0.013512416711184385,-0.02785909411788329,-1.356093889629859,0.037863960759945366,0.6195795413310538,-0.9968710365639547,0.9996865363491666,-0.603145096634195,0.6486917235989381,-0.14679604657830517,-1.4173968637964571,0.3906381727156475,0.43445671598020585,-0.22364453627308917,0.9997401821073297,0.0009526873824358068,0.8791128998975639,0.2656026493718536,-1.5506248343056,-0.024042107778844635,0.5188562141691273,-0.9998169542874059,0.9987453817780311,-0.47808005122560293,0.4937242385800767,0.07509308475151022,-1.3366581828348658,107103.36800480193,32170.06703740676,21971.613062831973,243717.53333239022,75823.67811491378,140860.5030543653,0.27426728063333544,1.0271360037904234,1.0687015877741735,0.31226440067595956,0.16603993244429258,2.3712367674299895,0.7534053986096534,1.2460162920188973,0.2151971290137662,-0.026816712572586075,360.2803795845601,19.246056464359697,317.91753319761904,398.8845727619844,342.34146182906636,375.5821386503826,-0.10713141846987476,-1.4812063774168973
